iter,t,value,barrier
11,0,0,1
11,0.00025,-0.0074462,1
11,0.0005,-0.0157383,1
11,0.00075,-0.017089,1
11,0.001,0.0321941,1
11,0.00125,0.01709,1
11,0.0015,0.00743219,1
11,0.00175,0.0346016,1
11,0.002,0.0252476,1
11,0.00225,0.0323945,1
11,0.0025,0.0626527,1
11,0.00275,0.0323866,1
11,0.003,0.0275448,1
11,0.00325,0.0146427,1
11,0.0035,0.0124428,1
11,0.00375,0.00829874,1
11,0.004,0.0166011,1
11,0.00425,0.027676,1
11,0.0045,0.0165383,1
11,0.00475,0.00123263,1
11,0.005,0.00321715,1
11,0.00525,0.000157494,1
11,0.0055,0.0196075,1
11,0.00575,-0.000988338,1
11,0.006,-0.0236412,1
11,0.00625,-0.0188275,1
11,0.0065,-0.0341978,1
11,0.00675,-0.0494885,1
11,0.007,-0.0492589,1
11,0.00725,-0.0485064,1
11,0.0075,-0.057606,1
11,0.00775,-0.0385072,1
11,0.008,-0.0568843,1
11,0.00825,-0.0702192,1
11,0.0085,-0.0473512,1
11,0.00875,-0.0479919,1
11,0.009,-0.0547566,1
11,0.00925,-0.0583765,1
11,0.0095,-0.0736655,1
11,0.00975,-0.0849976,1
11,0.01,-0.0857195,1
11,0.01025,-0.0707694,1
11,0.0105,-0.0732557,1
11,0.01075,-0.0698805,1
11,0.011,-0.106946,1
11,0.01125,-0.144672,1
11,0.0115,-0.153666,1
11,0.01175,-0.175032,1
11,0.012,-0.197796,1
11,0.01225,-0.166314,1
11,0.0125,-0.13214,1
11,0.01275,-0.136642,1
11,0.013,-0.137232,1
11,0.01325,-0.147504,1
11,0.0135,-0.185653,1
11,0.01375,-0.178522,1
11,0.014,-0.174081,1
11,0.01425,-0.170374,1
11,0.0145,-0.196574,1
11,0.01475,-0.165913,1
11,0.015,-0.155668,1
11,0.01525,-0.156578,1
11,0.0155,-0.188888,1
11,0.01575,-0.192548,1
11,0.016,-0.1754,1
11,0.01625,-0.160599,1
11,0.0165,-0.109422,1
11,0.01675,-0.102624,1
11,0.017,-0.111445,1
11,0.01725,-0.108508,1
11,0.0175,-0.114946,1
11,0.01775,-0.125129,1
11,0.018,-0.104295,1
11,0.01825,-0.110789,1
11,0.0185,-0.109085,1
11,0.01875,-0.0966849,1
11,0.019,-0.089775,1
11,0.01925,-0.0800765,1
11,0.0195,-0.0704562,1
11,0.01975,-0.0678305,1
11,0.02,-0.092664,1
11,0.02025,-0.103812,1
11,0.0205,-0.0885737,1
11,0.02075,-0.0962458,1
11,0.021,-0.0644371,1
11,0.02125,-0.0274962,1
11,0.0215,-0.0317954,1
11,0.02175,-0.0182713,1
11,0.022,-0.0385637,1
11,0.02225,-0.0354545,1
11,0.0225,-0.0575677,1
11,0.02275,-0.0592958,1
11,0.023,-0.0455142,1
11,0.02325,-0.0541277,1
11,0.0235,-0.0831924,1
11,0.02375,-0.0624949,1
11,0.024,-0.0820989,1
11,0.02425,-0.0618583,1
11,0.0245,-0.054291,1
11,0.02475,-0.0440753,1
11,0.025,-0.0249174,1
11,0.02525,-0.0437256,1
11,0.0255,-0.0497672,1
11,0.02575,-0.0590233,1
11,0.026,-0.0457245,1
11,0.02625,-0.0462424,1
11,0.0265,-0.0550086,1
11,0.02675,-0.0476846,1
11,0.027,-0.0499796,1
11,0.02725,-0.0583457,1
11,0.0275,-0.0641165,1
11,0.02775,-0.0716502,1
11,0.028,-0.0761343,1
11,0.02825,-0.0903052,1
11,0.0285,-0.0667535,1
11,0.02875,-0.0546394,1
11,0.029,-0.0714605,1
11,0.02925,-0.0496103,1
11,0.0295,-0.0603164,1
11,0.02975,-0.0464989,1
11,0.03,-0.0248508,1
11,0.03025,-0.0165707,1
11,0.0305,-0.0117847,1
11,0.03075,-0.0114167,1
11,0.031,0.00247255,1
11,0.03125,0.00179982,1
11,0.0315,-0.0088317,1
11,0.03175,0.000624588,1
11,0.032,0.00443351,1
11,0.03225,-0.00574635,1
11,0.0325,-0.000923879,1
11,0.03275,-0.00339504,1
11,0.033,-0.0163655,1
11,0.03325,-0.0427443,1
11,0.0335,-0.0758934,1
11,0.03375,-0.0665032,1
11,0.034,-0.0608783,1
11,0.03425,-0.0523096,1
11,0.0345,-0.0568682,1
11,0.03475,-0.052095,1
11,0.035,-0.0490947,1
11,0.03525,-0.0571234,1
11,0.0355,-0.0392949,1
11,0.03575,-0.0349889,1
11,0.036,-0.0296338,1
11,0.03625,-0.0604804,1
11,0.0365,-0.0613022,1
11,0.03675,-0.0428786,1
11,0.037,-0.0299414,1
11,0.03725,-0.0506544,1
11,0.0375,-0.0420528,1
11,0.03775,-0.0696152,1
11,0.038,-0.0592713,1
11,0.03825,-0.0416627,1
11,0.0385,-0.0360584,1
11,0.03875,-0.0143745,1
11,0.039,-0.00939444,1
11,0.03925,-0.0131168,1
11,0.0395,-0.0132247,1
11,0.03975,0.00590796,1
11,0.04,-0.0102068,1
11,0.04025,-0.0118458,1
11,0.0405,-0.0123894,1
11,0.04075,-0.0156003,1
11,0.041,-0.0367549,1
11,0.04125,-0.00151879,1
11,0.0415,0.000597137,1
11,0.04175,-0.000871436,1
11,0.042,0.0271189,1
11,0.04225,0.0259048,1
11,0.0425,0.00913606,1
11,0.04275,0.0129545,1
11,0.043,0.0119742,1
11,0.04325,-0.00198743,1
11,0.0435,-0.022598,1
11,0.04375,-0.0169112,1
11,0.044,0.00786207,1
11,0.04425,-0.00730929,1
11,0.0445,-0.00540663,1
11,0.04475,-0.00908467,1
11,0.045,0.00455186,1
11,0.04525,-0.0182189,1
11,0.0455,0.00167255,1
11,0.04575,-0.00578461,1
11,0.046,-0.0105529,1
11,0.04625,0.0127224,1
11,0.0465,-0.000659297,1
11,0.04675,-0.0183896,1
11,0.047,-0.0102218,1
11,0.04725,0.00542833,1
11,0.0475,0.0278454,1
11,0.04775,0.02333,1
11,0.048,0.0209285,1
11,0.04825,0.0193963,1
11,0.0485,-0.0148587,1
11,0.04875,0.0295357,1
11,0.049,0.0265216,1
11,0.04925,0.00893139,1
11,0.0495,0.0253403,1
11,0.04975,0.0147601,1
11,0.05,0.017088,1
11,0.05025,0.0239464,1
11,0.0505,0.0128208,1
11,0.05075,0.00372563,1
11,0.051,0.00626326,1
11,0.05125,0.0235757,1
11,0.0515,0.0374088,1
11,0.05175,0.036558,1
11,0.052,0.0420777,1
11,0.05225,0.0427243,1
11,0.0525,0.0364123,1
11,0.05275,0.0195716,1
11,0.053,0.00565153,1
11,0.05325,-0.0199592,1
11,0.0535,-0.00449233,1
11,0.05375,-0.0180201,1
11,0.054,-0.0477585,1
11,0.05425,-0.0536658,1
11,0.0545,-0.0501031,1
11,0.05475,-0.0646893,1
11,0.055,-0.0765608,1
11,0.05525,-0.0680403,1
11,0.0555,-0.0429763,1
11,0.05575,-0.0538615,1
11,0.056,-0.0683369,1
11,0.05625,-0.0952478,1
11,0.0565,-0.108757,1
11,0.05675,-0.114913,1
11,0.057,-0.119639,1
11,0.05725,-0.113422,1
11,0.0575,-0.108422,1
11,0.05775,-0.108698,1
11,0.058,-0.111519,1
11,0.05825,-0.109573,1
11,0.0585,-0.11553,1
11,0.05875,-0.0986181,1
11,0.059,-0.0968643,1
11,0.05925,-0.126254,1
11,0.0595,-0.117942,1
11,0.05975,-0.135999,1
11,0.06,-0.131452,1
11,0.06025,-0.143546,1
11,0.0605,-0.11959,1
11,0.06075,-0.13072,1
11,0.061,-0.113247,1
11,0.06125,-0.0898798,1
11,0.0615,-0.0972957,1
11,0.06175,-0.107751,1
11,0.062,-0.104699,1
11,0.06225,-0.101499,1
11,0.0625,-0.086416,1
11,0.06275,-0.0916954,1
11,0.063,-0.0751174,1
11,0.06325,-0.0463435,1
11,0.0635,-0.0363356,1
11,0.06375,-0.0217157,1
11,0.064,-0.0206079,1
11,0.06425,-0.0237137,1
11,0.0645,-0.0173697,1
11,0.06475,-0.0355047,1
11,0.065,-0.02506,1
11,0.06525,-0.0367122,1
11,0.0655,-0.04497,1
11,0.06575,-0.0302134,1
11,0.066,-0.0179819,1
11,0.06625,-0.00540983,1
11,0.0665,0.00847513,1
11,0.06675,0.00101323,1
11,0.067,-0.0134759,1
11,0.06725,-0.0264044,1
11,0.0675,-0.016349,1
11,0.06775,-0.00525132,1
11,0.068,0.00433966,1
11,0.06825,0.00455543,1
11,0.0685,-0.0247479,1
11,0.06875,-0.0386499,1
11,0.069,-0.0344763,1
11,0.06925,-0.0209128,1
11,0.0695,-0.0269155,1
11,0.06975,-0.0450491,1
11,0.07,-0.040771,1
11,0.07025,-0.0464457,1
11,0.0705,-0.0546278,1
11,0.07075,-0.0551841,1
11,0.071,-0.0684615,1
11,0.07125,-0.0659673,1
11,0.0715,-0.0850942,1
11,0.07175,-0.0797307,1
11,0.072,-0.0771067,1
11,0.07225,-0.101804,1
11,0.0725,-0.105709,1
11,0.07275,-0.0921349,1
11,0.073,-0.0927697,1
11,0.07325,-0.116919,1
11,0.0735,-0.0843839,1
11,0.07375,-0.117442,1
11,0.074,-0.126236,1
11,0.07425,-0.152271,1
11,0.0745,-0.153932,1
11,0.07475,-0.151395,1
11,0.075,-0.154142,1
11,0.07525,-0.179021,1
11,0.0755,-0.188023,1
11,0.07575,-0.164621,1
11,0.076,-0.152841,1
11,0.07625,-0.153535,1
11,0.0765,-0.133714,1
11,0.07675,-0.134269,1
11,0.077,-0.133406,1
11,0.07725,-0.128604,1
11,0.0775,-0.110594,1
11,0.07775,-0.138545,1
11,0.078,-0.136622,1
11,0.07825,-0.129938,1
11,0.0785,-0.111095,1
11,0.07875,-0.11005,1
11,0.079,-0.117791,1
11,0.07925,-0.0983477,1
11,0.0795,-0.0963162,1
11,0.07975,-0.0749048,1
11,0.08,-0.0593769,1
11,0.08025,-0.0598449,1
11,0.0805,-0.0514804,1
11,0.08075,-0.0556084,1
11,0.081,-0.0544532,1
11,0.08125,-0.0751653,1
11,0.0815,-0.0719915,1
11,0.08175,-0.0637003,1
11,0.082,-0.0690157,1
11,0.08225,-0.0243097,1
11,0.0825,-0.0634689,1
11,0.08275,-0.0270871,1
11,0.083,-0.00698306,1
11,0.08325,-0.00396138,1
11,0.0835,-0.00682128,1
11,0.08375,-0.018242,1
11,0.084,-0.0425066,1
11,0.08425,-0.0578568,1
11,0.0845,-0.0523875,1
11,0.08475,-0.0409468,1
11,0.085,-0.0279228,1
11,0.08525,-0.0233156,1
11,0.0855,-0.0146559,1
11,0.08575,-0.0122624,1
11,0.086,-0.0143308,1
11,0.08625,-0.00662724,1
11,0.0865,-0.00767291,1
11,0.08675,0.0022861,1
11,0.087,-0.0004998,1
11,0.08725,-0.0149277,1
11,0.0875,-0.0197584,1
11,0.08775,-0.0120815,1
11,0.088,-0.0052575,1
11,0.08825,-0.00961558,1
11,0.0885,-0.0283538,1
11,0.08875,0.00417871,1
11,0.089,0.0118963,1
11,0.08925,0.0105371,1
11,0.0895,0.0100558,1
11,0.08975,0.0130992,1
11,0.09,-0.0112405,1
11,0.09025,-0.0251287,1
11,0.0905,-0.0365328,1
11,0.09075,-0.0448063,1
11,0.091,-0.0333314,1
11,0.09125,-0.0231347,1
11,0.0915,-0.0466792,1
11,0.09175,-0.0521309,1
11,0.092,-0.0525896,1
11,0.09225,-0.0682612,1
11,0.0925,-0.0374307,1
11,0.09275,-0.0439685,1
11,0.093,-0.0647218,1
11,0.09325,-0.0439714,1
11,0.0935,-0.0463238,1
11,0.09375,-0.0443357,1
11,0.094,-0.0238999,1
11,0.09425,0.0077211,1
11,0.0945,0.025551,1
11,0.09475,0.031701,1
11,0.095,0.0297119,1
11,0.09525,0.024008,1
11,0.0955,0.00251993,1
11,0.09575,-0.0207365,1
11,0.096,-0.0378789,1
11,0.09625,-0.0233868,1
11,0.0965,-0.0270141,1
11,0.09675,-0.0291647,1
11,0.097,-0.0289744,1
11,0.09725,-0.0274943,1
11,0.0975,-0.0392424,1
11,0.09775,-0.0326141,1
11,0.098,-0.0348014,1
11,0.09825,-0.04446,1
11,0.0985,-0.0451994,1
11,0.09875,-0.0417724,1
11,0.099,-0.059947,1
11,0.09925,-0.0418896,1
11,0.0995,-0.0420746,1
11,0.09975,-0.035484,1
11,0.1,-0.0423372,1
11,0.10025,-0.0451756,1
11,0.1005,-0.0638142,1
11,0.10075,-0.0344509,1
11,0.101,-0.0111642,1
11,0.10125,0.00666133,1
11,0.1015,-0.0130182,1
11,0.10175,0.0212142,1
11,0.102,0.0285511,1
11,0.10225,0.0284561,1
11,0.1025,-0.00824848,1
11,0.10275,-0.0212703,1
11,0.103,-0.0214102,1
11,0.10325,-0.0326209,1
11,0.1035,-0.049394,1
11,0.10375,-0.0409242,1
11,0.104,-0.0496159,1
11,0.10425,-0.0673393,1
11,0.1045,-0.0617214,1
11,0.10475,-0.0824563,1
11,0.105,-0.089081,1
11,0.10525,-0.0636364,1
11,0.1055,-0.0719086,1
11,0.10575,-0.0548293,1
11,0.106,-0.0925298,1
11,0.10625,-0.0655025,1
11,0.1065,-0.0644752,1
11,0.10675,-0.0763165,1
11,0.107,-0.0882016,1
11,0.10725,-0.0844837,1
11,0.1075,-0.0817878,1
11,0.10775,-0.0988768,1
11,0.108,-0.105451,1
11,0.10825,-0.0975289,1
11,0.1085,-0.0899856,1
11,0.10875,-0.0654134,1
11,0.109,-0.0437993,1
11,0.10925,-0.0559764,1
11,0.1095,-0.0557487,1
11,0.10975,-0.048887,1
11,0.11,-0.0415268,1
11,0.11025,-0.00635009,1
11,0.1105,0.00206303,1
11,0.11075,0.0157071,1
11,0.111,0.00128508,1
11,0.11125,0.0239919,1
11,0.1115,0.0157935,1
11,0.11175,0.00282375,1
11,0.112,-0.00169816,1
11,0.11225,0.00239145,1
11,0.1125,-0.00785289,1
11,0.11275,-0.00732341,1
11,0.113,-0.00443205,1
11,0.11325,-0.000387119,1
11,0.1135,0.0159671,1
11,0.11375,0.0100203,1
11,0.114,0.0274173,1
11,0.11425,0.0332186,1
11,0.1145,0.0194719,1
11,0.11475,0.0239671,1
11,0.115,0.0124928,1
11,0.11525,0.0038326,1
11,0.1155,0.0163664,1
11,0.11575,0.0218596,1
11,0.116,-0.0136667,1
11,0.11625,0.0102954,1
11,0.1165,-0.00195503,1
11,0.11675,-0.0300119,1
11,0.117,-0.0277237,1
11,0.11725,-0.0253703,1
11,0.1175,-0.030811,1
11,0.11775,-0.0280249,1
11,0.118,-0.0112265,1
11,0.11825,0.00520697,1
11,0.1185,0.026401,1
11,0.11875,0.00706986,1
11,0.119,-0.0109259,1
11,0.11925,0.0168676,1
11,0.1195,0.0086707,1
11,0.11975,0.0426573,1
11,0.12,0.0199242,1
11,0.12025,0.0292394,1
11,0.1205,0.0120126,1
11,0.12075,0.0135209,1
11,0.121,0.0242781,1
11,0.12125,0.0206125,1
11,0.1215,0.0122763,1
11,0.12175,0.0144605,1
11,0.122,-0.0142685,1
11,0.12225,-0.0255575,1
11,0.1225,-0.0144538,1
11,0.12275,-0.0244811,1
11,0.123,-0.0179986,1
11,0.12325,-0.0145069,1
11,0.1235,-0.0184419,1
11,0.12375,-0.0268301,1
11,0.124,-0.0477692,1
11,0.12425,-0.0159264,1
11,0.1245,0.00983486,1
11,0.12475,0.0200787,1
11,0.125,0.0144914,1
11,0.12525,0.0081525,1
11,0.1255,-0.0150727,1
11,0.12575,-0.0629507,1
11,0.126,-0.0631643,1
11,0.12625,-0.071953,1
11,0.1265,-0.0612437,1
11,0.12675,-0.0687866,1
11,0.127,-0.0676454,1
11,0.12725,-0.0605119,1
11,0.1275,-0.0450824,1
11,0.12775,-0.0220742,1
11,0.128,-0.0177348,1
11,0.12825,-0.0226884,1
11,0.1285,-0.00782901,1
11,0.12875,-0.00684236,1
11,0.129,-0.0277832,1
11,0.12925,-0.0289978,1
11,0.1295,-0.0379923,1
11,0.12975,-0.0253729,1
11,0.13,-0.0403094,1
11,0.13025,-0.0325221,1
11,0.1305,-0.0113065,1
11,0.13075,-0.0255386,1
11,0.131,-0.0155147,1
11,0.13125,-0.00448631,1
11,0.1315,0.00584859,1
11,0.13175,-0.0100874,1
11,0.132,-0.0015997,1
11,0.13225,-0.00720065,1
11,0.1325,-0.0215541,1
11,0.13275,-0.0243867,1
11,0.133,-0.0330022,1
11,0.13325,-0.0329022,1
11,0.1335,-0.0177844,1
11,0.13375,-0.0113448,1
11,0.134,-0.0167365,1
11,0.13425,-0.0260214,1
11,0.1345,-0.0569124,1
11,0.13475,-0.0502125,1
11,0.135,-0.040904,1
11,0.13525,-0.0384467,1
11,0.1355,-0.062203,1
11,0.13575,-0.0627302,1
11,0.136,-0.0634971,1
11,0.13625,-0.0760619,1
11,0.1365,-0.0605616,1
11,0.13675,-0.0590191,1
11,0.137,-0.0868564,1
11,0.13725,-0.0827004,1
11,0.1375,-0.0796883,1
11,0.13775,-0.071542,1
11,0.138,-0.0705202,1
11,0.13825,-0.082053,1
11,0.1385,-0.0446364,1
11,0.13875,-0.0593264,1
11,0.139,-0.0602708,1
11,0.13925,-0.0582312,1
11,0.1395,-0.0675119,1
11,0.13975,-0.0702039,1
11,0.14,-0.0720705,1
11,0.14025,-0.0333109,1
11,0.1405,-0.052085,1
11,0.14075,-0.0379749,1
11,0.141,-0.0291095,1
11,0.14125,-0.0494096,1
11,0.1415,-0.0481349,1
11,0.14175,-0.0372714,1
11,0.142,-0.0223053,1
11,0.14225,-0.0358574,1
11,0.1425,-0.0332561,1
11,0.14275,-0.0424329,1
11,0.143,-0.0470813,1
11,0.14325,-0.059067,1
11,0.1435,-0.0748998,1
11,0.14375,-0.0771842,1
11,0.144,-0.0686965,1
11,0.14425,-0.0514375,1
11,0.1445,-0.0418114,1
11,0.14475,-0.0423485,1
11,0.145,-0.0253377,1
11,0.14525,-0.0145197,1
11,0.1455,-0.0323186,1
11,0.14575,-0.0338335,1
11,0.146,-0.0482653,1
11,0.14625,-0.0708395,1
11,0.1465,-0.0828756,1
11,0.14675,-0.0481926,1
11,0.147,-0.0850796,1
11,0.14725,-0.0897126,1
11,0.1475,-0.1096,1
11,0.14775,-0.110366,1
11,0.148,-0.100932,1
11,0.14825,-0.110993,1
11,0.1485,-0.104107,1
11,0.14875,-0.101282,1
11,0.149,-0.0840519,1
11,0.14925,-0.0859454,1
11,0.1495,-0.0821417,1
11,0.14975,-0.0874684,1
11,0.15,-0.074598,1
11,0.15025,-0.080791,1
11,0.1505,-0.0670445,1
11,0.15075,-0.0911611,1
11,0.151,-0.0984339,1
11,0.15125,-0.10706,1
11,0.1515,-0.105267,1
11,0.15175,-0.0681836,1
11,0.152,-0.058381,1
11,0.15225,-0.0320145,1
11,0.1525,-0.037448,1
11,0.15275,-0.024533,1
11,0.153,0.0165733,1
11,0.15325,0.0214927,1
11,0.1535,0.00576702,1
11,0.15375,0.0249788,1
11,0.154,0.0157796,1
11,0.15425,0.0161727,1
11,0.1545,-0.0142391,1
11,0.15475,-0.00725418,1
11,0.155,-0.00504534,1
11,0.15525,0.0544133,1
11,0.1555,0.0545487,1
11,0.15575,0.0453653,1
11,0.156,0.0237921,1
11,0.15625,0.00562815,1
11,0.1565,0.00834042,1
11,0.15675,-0.00888216,1
11,0.157,0.0137327,1
11,0.15725,0.0385867,1
11,0.1575,0.0467631,1
11,0.15775,0.0402551,1
11,0.158,0.067222,1
11,0.15825,0.0600336,1
11,0.1585,0.0840677,1
11,0.15875,0.0855621,1
11,0.159,0.0781982,1
11,0.15925,0.0780682,1
11,0.1595,0.0884539,1
11,0.15975,0.0936487,1
11,0.16,0.0538307,1
11,0.16025,0.0746547,1
11,0.1605,0.0582958,1
11,0.16075,0.0917291,1
11,0.161,0.107016,1
11,0.16125,0.108901,1
11,0.1615,0.111624,1
11,0.16175,0.115709,1
11,0.162,0.103679,1
11,0.16225,0.112656,1
11,0.1625,0.115924,1
11,0.16275,0.13067,1
11,0.163,0.0981528,1
11,0.16325,0.119184,1
11,0.1635,0.125986,1
11,0.16375,0.125303,1
11,0.164,0.13727,1
11,0.16425,0.130976,1
11,0.1645,0.133404,1
11,0.16475,0.122491,1
11,0.165,0.122899,1
11,0.16525,0.097809,1
11,0.1655,0.0910727,1
11,0.16575,0.105429,1
11,0.166,0.101636,1
11,0.16625,0.110679,1
11,0.1665,0.080223,1
11,0.16675,0.0617834,1
11,0.167,0.0552523,1
11,0.16725,0.0589669,1
11,0.1675,0.100996,1
11,0.16775,0.0976161,1
11,0.168,0.107806,1
11,0.16825,0.107872,1
11,0.1685,0.0937331,1
11,0.16875,0.101733,1
11,0.169,0.116853,1
11,0.16925,0.120468,1
11,0.1695,0.13708,1
11,0.16975,0.126619,1
11,0.17,0.128986,1
11,0.17025,0.117561,1
11,0.1705,0.0971725,1
11,0.17075,0.0924235,1
11,0.171,0.102367,1
11,0.17125,0.122195,1
11,0.1715,0.0893578,1
11,0.17175,0.0773393,1
11,0.172,0.0473936,1
11,0.17225,0.0624635,1
11,0.1725,0.053844,1
11,0.17275,0.0494533,1
11,0.173,0.0513563,1
11,0.17325,0.0562353,1
11,0.1735,0.0483163,1
11,0.17375,0.0443193,1
11,0.174,0.0436341,1
11,0.17425,0.0471817,1
11,0.1745,0.0500646,1
11,0.17475,0.055745,1
11,0.175,0.036617,1
11,0.17525,0.0339361,1
11,0.1755,0.0376543,1
11,0.17575,0.0218197,1
11,0.176,0.0136972,1
11,0.17625,0.0240581,1
11,0.1765,0.0400675,1
11,0.17675,0.0473281,1
11,0.177,0.0522112,1
11,0.17725,0.05636,1
11,0.1775,0.0595965,1
11,0.17775,0.0202945,1
11,0.178,0.0305918,1
11,0.17825,0.0268164,1
11,0.1785,0.0179189,1
11,0.17875,0.0320212,1
11,0.179,0.0542448,1
11,0.17925,0.0328376,1
11,0.1795,0.0481443,1
11,0.17975,0.0748464,1
11,0.18,0.0809725,1
11,0.18025,0.102216,1
11,0.1805,0.127212,1
11,0.18075,0.141351,1
11,0.181,0.151158,1
11,0.18125,0.133416,1
11,0.1815,0.148502,1
11,0.18175,0.152568,1
11,0.182,0.117704,1
11,0.18225,0.112398,1
11,0.1825,0.109366,1
11,0.18275,0.102884,1
11,0.183,0.100319,1
11,0.18325,0.109248,1
11,0.1835,0.104202,1
11,0.18375,0.139502,1
11,0.184,0.136369,1
11,0.18425,0.134937,1
11,0.1845,0.120268,1
11,0.18475,0.140747,1
11,0.185,0.140051,1
11,0.18525,0.126269,1
11,0.1855,0.143172,1
11,0.18575,0.15348,1
11,0.186,0.155754,1
11,0.18625,0.146191,1
11,0.1865,0.133522,1
11,0.18675,0.138522,1
11,0.187,0.170414,1
11,0.18725,0.172457,1
11,0.1875,0.199015,1
11,0.18775,0.207576,1
11,0.188,0.202986,1
11,0.18825,0.228227,1
11,0.1885,0.223472,1
11,0.18875,0.208653,1
11,0.189,0.174389,1
11,0.18925,0.178289,1
11,0.1895,0.162884,1
11,0.18975,0.16664,1
11,0.19,0.163863,1
11,0.19025,0.207984,1
11,0.1905,0.208558,1
11,0.19075,0.203896,1
11,0.191,0.208981,1
11,0.19125,0.190171,1
11,0.1915,0.202344,1
11,0.19175,0.216644,1
11,0.192,0.227348,1
11,0.19225,0.224413,1
11,0.1925,0.236821,1
11,0.19275,0.222938,1
11,0.193,0.245973,1
11,0.19325,0.250346,1
11,0.1935,0.263703,1
11,0.19375,0.286433,1
11,0.194,0.281988,1
11,0.19425,0.298121,1
11,0.1945,0.320114,1
11,0.19475,0.319675,1
11,0.195,0.337596,1
11,0.19525,0.34052,1
11,0.1955,0.326358,1
11,0.19575,0.345108,1
11,0.196,0.360184,1
11,0.19625,0.345107,1
11,0.1965,0.348325,1
11,0.19675,0.358581,1
11,0.197,0.345881,1
11,0.19725,0.32852,1
11,0.1975,0.331149,1
11,0.19775,0.338848,1
11,0.198,0.319197,1
11,0.19825,0.323166,1
11,0.1985,0.361394,1
11,0.19875,0.365998,1
11,0.199,0.373358,1
11,0.19925,0.371654,1
11,0.1995,0.361276,1
11,0.19975,0.356134,1
11,0.2,0.349882,1
11,0.20025,0.355261,1
11,0.2005,0.362176,1
11,0.20075,0.391113,1
11,0.201,0.359203,1
11,0.20125,0.356728,1
11,0.2015,0.341356,1
11,0.20175,0.319506,1
11,0.202,0.30533,1
11,0.20225,0.291038,1
11,0.2025,0.290214,1
11,0.20275,0.277298,1
11,0.203,0.274701,1
11,0.20325,0.305821,1
11,0.2035,0.279108,1
11,0.20375,0.299385,1
11,0.204,0.285254,1
11,0.20425,0.282264,1
11,0.2045,0.311963,1
11,0.20475,0.311183,1
11,0.205,0.306773,1
11,0.20525,0.273753,1
11,0.2055,0.291606,1
11,0.20575,0.291771,1
11,0.206,0.303752,1
11,0.20625,0.305137,1
11,0.2065,0.303824,1
11,0.20675,0.303377,1
11,0.207,0.287086,1
11,0.20725,0.272821,1
11,0.2075,0.247582,1
11,0.20775,0.254086,1
11,0.208,0.255068,1
11,0.20825,0.274048,1
11,0.2085,0.265825,1
11,0.20875,0.261366,1
11,0.209,0.245897,1
11,0.20925,0.25235,1
11,0.2095,0.261558,1
11,0.20975,0.228707,1
11,0.21,0.218988,1
11,0.21025,0.193371,1
11,0.2105,0.207262,1
11,0.21075,0.229843,1
11,0.211,0.220268,1
11,0.21125,0.200087,1
11,0.2115,0.20705,1
11,0.21175,0.21311,1
11,0.212,0.199215,1
11,0.21225,0.203745,1
11,0.2125,0.198823,1
11,0.21275,0.217565,1
11,0.213,0.222536,1
11,0.21325,0.190662,1
11,0.2135,0.171335,1
11,0.21375,0.189915,1
11,0.214,0.174588,1
11,0.21425,0.174922,1
11,0.2145,0.181872,1
11,0.21475,0.167429,1
11,0.215,0.159122,1
11,0.21525,0.150787,1
11,0.2155,0.13336,1
11,0.21575,0.114059,1
11,0.216,0.0982485,1
11,0.21625,0.0705311,1
11,0.2165,0.0421281,1
11,0.21675,0.0319037,1
11,0.217,0.0421799,1
11,0.21725,0.0634334,1
11,0.2175,0.0983431,1
11,0.21775,0.0957145,1
11,0.218,0.0983478,1
11,0.21825,0.0801267,1
11,0.2185,0.088044,1
11,0.21875,0.0679143,1
11,0.219,0.0862647,1
11,0.21925,0.0809569,1
11,0.2195,0.104543,1
11,0.21975,0.121113,1
11,0.22,0.0889239,1
11,0.22025,0.10148,1
11,0.2205,0.120245,1
11,0.22075,0.121506,1
11,0.221,0.108337,1
11,0.22125,0.0983892,1
11,0.2215,0.0976883,1
11,0.22175,0.0815055,1
11,0.222,0.0748408,1
11,0.22225,0.0916461,1
11,0.2225,0.0711407,1
11,0.22275,0.0782103,1
11,0.223,0.11097,1
11,0.22325,0.0800218,1
11,0.2235,0.095137,1
11,0.22375,0.0928944,1
11,0.224,0.105011,1
11,0.22425,0.110941,1
11,0.2245,0.117387,1
11,0.22475,0.11705,1
11,0.225,0.12481,1
11,0.22525,0.113093,1
11,0.2255,0.105785,1
11,0.22575,0.0871136,1
11,0.226,0.112214,1
11,0.22625,0.130157,1
11,0.2265,0.132799,1
11,0.22675,0.142541,1
11,0.227,0.136765,1
11,0.22725,0.11915,1
11,0.2275,0.129699,1
11,0.22775,0.134934,1
11,0.228,0.138316,1
11,0.22825,0.139081,1
11,0.2285,0.141927,1
11,0.22875,0.137486,1
11,0.229,0.135878,1
11,0.22925,0.134794,1
11,0.2295,0.143995,1
11,0.22975,0.117311,1
11,0.23,0.118576,1
11,0.23025,0.101768,1
11,0.2305,0.0930939,1
11,0.23075,0.0862462,1
11,0.231,0.091224,1
11,0.23125,0.0806827,1
11,0.2315,0.0955172,1
11,0.23175,0.0677053,1
11,0.232,0.0602971,1
11,0.23225,0.0446799,1
11,0.2325,0.0592552,1
11,0.23275,0.0501408,1
11,0.233,0.0601836,1
11,0.23325,0.0374971,1
11,0.2335,0.0404938,1
11,0.23375,0.0334809,1
11,0.234,0.0343662,1
11,0.23425,0.05275,1
11,0.2345,0.0426985,1
11,0.23475,0.0498551,1
11,0.235,0.0453822,1
11,0.23525,0.0372236,1
11,0.2355,0.0370375,1
11,0.23575,0.0528374,1
11,0.236,0.0714299,1
11,0.23625,0.0866229,1
11,0.2365,0.102074,1
11,0.23675,0.109244,1
11,0.237,0.106153,1
11,0.23725,0.10027,1
11,0.2375,0.0911253,1
11,0.23775,0.0869014,1
11,0.238,0.08915,1
11,0.23825,0.0863174,1
11,0.2385,0.0628983,1
11,0.23875,0.0334003,1
11,0.239,0.0099814,1
11,0.23925,0.0352471,1
11,0.2395,0.0359187,1
11,0.23975,0.0238894,1
11,0.24,0.0379698,1
11,0.24025,0.0434363,1
11,0.2405,0.0483417,1
11,0.24075,0.0533638,1
11,0.241,0.0750288,1
11,0.24125,0.0583789,1
11,0.2415,0.0651968,1
11,0.24175,0.072054,1
11,0.242,0.0702051,1
11,0.24225,0.077381,1
11,0.2425,0.102143,1
11,0.24275,0.098201,1
11,0.243,0.0964764,1
11,0.24325,0.12249,1
11,0.2435,0.161953,1
11,0.24375,0.173691,1
11,0.244,0.181431,1
11,0.24425,0.156188,1
11,0.2445,0.156546,1
11,0.24475,0.171278,1
11,0.245,0.160889,1
11,0.24525,0.150661,1
11,0.2455,0.166608,1
11,0.24575,0.144624,1
11,0.246,0.145414,1
11,0.24625,0.155187,1
11,0.2465,0.130301,1
11,0.24675,0.151725,1
11,0.247,0.177918,1
11,0.24725,0.176684,1
11,0.2475,0.174425,1
11,0.24775,0.187725,1
11,0.248,0.168868,1
11,0.24825,0.171763,1
11,0.2485,0.189534,1
11,0.24875,0.173091,1
11,0.249,0.18701,1
11,0.24925,0.184961,1
11,0.2495,0.185255,1
11,0.24975,0.186016,1
11,0.25,0.18413,1
11,0.25025,0.188473,1
11,0.2505,0.180409,1
11,0.25075,0.160989,1
11,0.251,0.16708,1
11,0.25125,0.168911,1
11,0.2515,0.162546,1
11,0.25175,0.115252,1
11,0.252,0.115044,1
11,0.25225,0.0953928,1
11,0.2525,0.119192,1
11,0.25275,0.123212,1
11,0.253,0.102559,1
11,0.25325,0.10884,1
11,0.2535,0.124634,1
11,0.25375,0.10442,1
11,0.254,0.0751579,1
11,0.25425,0.0743302,1
11,0.2545,0.0719148,1
11,0.25475,0.069831,1
11,0.255,0.0599465,1
11,0.25525,0.0549637,1
11,0.2555,0.0778135,1
11,0.25575,0.0749273,1
11,0.256,0.0877737,1
11,0.25625,0.102625,1
11,0.2565,0.0872032,1
11,0.25675,0.0882627,1
11,0.257,0.0934466,1
11,0.25725,0.0975192,1
11,0.2575,0.123075,1
11,0.25775,0.141688,1
11,0.258,0.148334,1
11,0.25825,0.133313,1
11,0.2585,0.109712,1
11,0.25875,0.125462,1
11,0.259,0.114867,1
11,0.25925,0.0877221,1
11,0.2595,0.0752771,1
11,0.25975,0.0884641,1
11,0.26,0.0861157,1
11,0.26025,0.1118,1
11,0.2605,0.118049,1
11,0.26075,0.125146,1
11,0.261,0.0923362,1
11,0.26125,0.0815835,1
11,0.2615,0.0989111,1
11,0.26175,0.0960282,1
11,0.262,0.0932039,1
11,0.26225,0.086104,1
11,0.2625,0.093308,1
11,0.26275,0.109702,1
11,0.263,0.0936034,1
11,0.26325,0.101107,1
11,0.2635,0.110454,1
11,0.26375,0.115854,1
11,0.264,0.0816098,1
11,0.26425,0.069835,1
11,0.2645,0.0678484,1
11,0.26475,0.0559401,1
11,0.265,0.0445992,1
11,0.26525,0.023389,1
11,0.2655,0.0346408,1
11,0.26575,0.0408439,1
11,0.266,0.0538114,1
11,0.26625,0.0946349,1
11,0.2665,0.106111,1
11,0.26675,0.0960826,1
11,0.267,0.106615,1
11,0.26725,0.121078,1
11,0.2675,0.121677,1
11,0.26775,0.115612,1
11,0.268,0.123995,1
11,0.26825,0.141651,1
11,0.2685,0.17097,1
11,0.26875,0.174064,1
11,0.269,0.155156,1
11,0.26925,0.168578,1
11,0.2695,0.170077,1
11,0.26975,0.172225,1
11,0.27,0.188505,1
11,0.27025,0.168188,1
11,0.2705,0.179091,1
11,0.27075,0.184253,1
11,0.271,0.161891,1
11,0.27125,0.158534,1
11,0.2715,0.151597,1
11,0.27175,0.175649,1
11,0.272,0.192834,1
11,0.27225,0.197647,1
11,0.2725,0.17966,1
11,0.27275,0.191556,1
11,0.273,0.185253,1
11,0.27325,0.170634,1
11,0.2735,0.176161,1
11,0.27375,0.189726,1
11,0.274,0.203305,1
11,0.27425,0.185503,1
11,0.2745,0.155136,1
11,0.27475,0.168177,1
11,0.275,0.170442,1
11,0.27525,0.135104,1
11,0.2755,0.115669,1
11,0.27575,0.0943729,1
11,0.276,0.0733974,1
11,0.27625,0.0420081,1
11,0.2765,0.0436796,1
11,0.27675,0.0339406,1
11,0.277,0.0432615,1
11,0.27725,0.0708272,1
11,0.2775,0.0612674,1
11,0.27775,0.0573674,1
11,0.278,0.0475711,1
11,0.27825,0.0610153,1
11,0.2785,0.0544022,1
11,0.27875,0.0455805,1
11,0.279,0.0331393,1
11,0.27925,0.0520268,1
11,0.2795,0.0438871,1
11,0.27975,0.0553998,1
11,0.28,0.064168,1
11,0.28025,0.0612569,1
11,0.2805,0.0365757,1
11,0.28075,0.0783726,1
11,0.281,0.0722507,1
11,0.28125,0.0584132,1
11,0.2815,0.0369443,1
11,0.28175,0.0294458,1
11,0.282,0.0407425,1
11,0.28225,0.0246058,1
11,0.2825,-0.00115592,1
11,0.28275,-0.0275687,1
11,0.283,-0.0477563,1
11,0.28325,-0.0449748,1
11,0.2835,-0.0109218,1
11,0.28375,-1.60542e-05,1
11,0.284,-0.00545474,1
11,0.28425,-0.0135218,1
11,0.2845,-0.0212835,1
11,0.28475,0.00674008,1
11,0.285,0.0138738,1
11,0.28525,0.00899454,1
11,0.2855,0.018038,1
11,0.28575,0.0283997,1
11,0.286,0.0332889,1
11,0.28625,0.0424026,1
11,0.2865,0.0457762,1
11,0.28675,0.0379779,1
11,0.287,0.0230443,1
11,0.28725,0.0224169,1
11,0.2875,0.0286467,1
11,0.28775,0.0184181,1
11,0.288,0.0311487,1
11,0.28825,0.0464312,1
11,0.2885,0.0344034,1
11,0.28875,0.0589462,1
11,0.289,0.0419763,1
11,0.28925,0.0257368,1
11,0.2895,0.0286736,1
11,0.28975,0.0127799,1
11,0.29,0.0214304,1
11,0.29025,0.0253907,1
11,0.2905,0.00860526,1
11,0.29075,0.0175503,1
11,0.291,0.0230474,1
11,0.29125,0.0135426,1
11,0.2915,0.013057,1
11,0.29175,0.0267976,1
11,0.292,0.0479969,1
11,0.29225,0.0422797,1
11,0.2925,0.0723742,1
11,0.29275,0.0669724,1
11,0.293,0.0695856,1
11,0.29325,0.0756872,1
11,0.2935,0.0678356,1
11,0.29375,0.0585888,1
11,0.294,0.0763229,1
11,0.29425,0.0723154,1
11,0.2945,0.0845123,1
11,0.29475,0.0819217,1
11,0.295,0.105951,1
11,0.29525,0.116227,1
11,0.2955,0.118557,1
11,0.29575,0.13292,1
11,0.296,0.141044,1
11,0.29625,0.144335,1
11,0.2965,0.151709,1
11,0.29675,0.163627,1
11,0.297,0.226116,1
11,0.29725,0.253927,1
11,0.2975,0.245407,1
11,0.29775,0.254104,1
11,0.298,0.241235,1
11,0.29825,0.243836,1
11,0.2985,0.235222,1
11,0.29875,0.221778,1
11,0.299,0.224115,1
11,0.29925,0.212758,1
11,0.2995,0.230083,1
11,0.29975,0.212456,1
11,0.3,0.198036,1
11,0.30025,0.212772,1
11,0.3005,0.194903,1
11,0.30075,0.209174,1
11,0.301,0.197457,1
11,0.30125,0.175709,1
11,0.3015,0.169799,1
11,0.30175,0.145856,1
11,0.302,0.174816,1
11,0.30225,0.195734,1
11,0.3025,0.168494,1
11,0.30275,0.179136,1
11,0.303,0.16824,1
11,0.30325,0.163962,1
11,0.3035,0.158938,1
11,0.30375,0.159846,1
11,0.304,0.161068,1
11,0.30425,0.16658,1
11,0.3045,0.186697,1
11,0.30475,0.208701,1
11,0.305,0.225657,1
11,0.30525,0.234734,1
11,0.3055,0.233747,1
11,0.30575,0.239472,1
11,0.306,0.245419,1
11,0.30625,0.253731,1
11,0.3065,0.241187,1
11,0.30675,0.239871,1
11,0.307,0.235074,1
11,0.30725,0.220172,1
11,0.3075,0.235147,1
11,0.30775,0.231975,1
11,0.308,0.194669,1
11,0.30825,0.200732,1
11,0.3085,0.216996,1
11,0.30875,0.230998,1
11,0.309,0.224624,1
11,0.30925,0.225623,1
11,0.3095,0.247659,1
11,0.30975,0.25664,1
11,0.31,0.274724,1
11,0.31025,0.297047,1
11,0.3105,0.310108,1
11,0.31075,0.312565,1
11,0.311,0.290733,1
11,0.31125,0.288331,1
11,0.3115,0.282807,1
11,0.31175,0.270532,1
11,0.312,0.296114,1
11,0.31225,0.290384,1
11,0.3125,0.304333,1
11,0.31275,0.323684,1
11,0.313,0.311853,1
11,0.31325,0.321763,1
11,0.3135,0.317669,1
11,0.31375,0.299927,1
11,0.314,0.289029,1
11,0.31425,0.305297,1
11,0.3145,0.29191,1
11,0.31475,0.279334,1
11,0.315,0.270899,1
11,0.31525,0.280103,1
11,0.3155,0.298637,1
11,0.31575,0.28443,1
11,0.316,0.283175,1
11,0.31625,0.266157,1
11,0.3165,0.265224,1
11,0.31675,0.257608,1
11,0.317,0.299702,1
11,0.31725,0.305428,1
11,0.3175,0.297093,1
11,0.31775,0.278245,1
11,0.318,0.289579,1
11,0.31825,0.321876,1
11,0.3185,0.337496,1
11,0.31875,0.362297,1
11,0.319,0.367248,1
11,0.31925,0.371306,1
11,0.3195,0.362988,1
11,0.31975,0.359612,1
11,0.32,0.363396,1
11,0.32025,0.365112,1
11,0.3205,0.392369,1
11,0.32075,0.379966,1
11,0.321,0.386963,1
11,0.32125,0.390844,1
11,0.3215,0.408668,1
11,0.32175,0.399875,1
11,0.322,0.405855,1
11,0.32225,0.418186,1
11,0.3225,0.418736,1
11,0.32275,0.408813,1
11,0.323,0.38214,1
11,0.32325,0.403637,1
11,0.3235,0.410606,1
11,0.32375,0.418025,1
11,0.324,0.412734,1
11,0.32425,0.422245,1
11,0.3245,0.451656,1
11,0.32475,0.450931,1
11,0.325,0.472098,1
11,0.32525,0.482921,1
11,0.3255,0.476851,1
11,0.32575,0.486086,1
11,0.326,0.486703,1
11,0.32625,0.485984,1
11,0.3265,0.513143,1
11,0.32675,0.527477,1
11,0.327,0.531307,1
11,0.32725,0.514067,1
11,0.3275,0.517097,1
11,0.32775,0.491043,1
11,0.328,0.485908,1
11,0.32825,0.46285,1
11,0.3285,0.448874,1
11,0.32875,0.439048,1
11,0.329,0.419994,1
11,0.32925,0.397466,1
11,0.3295,0.418082,1
11,0.32975,0.428465,1
11,0.33,0.4437,1
11,0.33025,0.436402,1
11,0.3305,0.460644,1
11,0.33075,0.47454,1
11,0.331,0.485252,1
11,0.33125,0.504825,1
11,0.3315,0.5131,1
11,0.33175,0.501006,1
11,0.332,0.470919,1
11,0.33225,0.499011,1
11,0.3325,0.491978,1
11,0.33275,0.498332,1
11,0.333,0.493439,1
11,0.33325,0.517404,1
11,0.3335,0.500984,1
11,0.33375,0.511061,1
11,0.334,0.521512,1
11,0.33425,0.563338,1
11,0.3345,0.553312,1
11,0.33475,0.545283,1
11,0.335,0.526992,1
11,0.33525,0.536941,1
11,0.3355,0.519419,1
11,0.33575,0.51123,1
11,0.336,0.532897,1
11,0.33625,0.531551,1
11,0.3365,0.554138,1
11,0.33675,0.553883,1
11,0.337,0.556414,1
11,0.33725,0.579281,1
11,0.3375,0.58487,1
11,0.33775,0.585373,1
11,0.338,0.63504,1
11,0.33825,0.623967,1
11,0.3385,0.637924,1
11,0.33875,0.647188,1
11,0.339,0.638731,1
11,0.33925,0.645475,1
11,0.3395,0.643983,1
11,0.33975,0.661222,1
11,0.34,0.669319,1
11,0.34025,0.636852,1
11,0.3405,0.669902,1
11,0.34075,0.661378,1
11,0.341,0.659735,1
11,0.34125,0.655383,1
11,0.3415,0.657392,1
11,0.34175,0.650007,1
11,0.342,0.668276,1
11,0.34225,0.664186,1
11,0.3425,0.662227,1
11,0.34275,0.663822,1
11,0.343,0.676932,1
11,0.34325,0.691716,1
11,0.3435,0.705189,1
11,0.34375,0.698755,1
11,0.344,0.718095,1
11,0.34425,0.719721,1
11,0.3445,0.699168,1
11,0.34475,0.69192,1
11,0.345,0.705773,1
11,0.34525,0.731516,1
11,0.3455,0.693886,1
11,0.34575,0.69103,1
11,0.346,0.673862,1
11,0.34625,0.673249,1
11,0.3465,0.657478,1
11,0.34675,0.656846,1
11,0.347,0.632634,1
11,0.34725,0.631803,1
11,0.3475,0.63317,1
11,0.34775,0.629275,1
11,0.348,0.630653,1
11,0.34825,0.614748,1
11,0.3485,0.580638,1
11,0.34875,0.56944,1
11,0.349,0.559336,1
11,0.34925,0.557236,1
11,0.3495,0.540753,1
11,0.34975,0.518341,1
11,0.35,0.505488,1
11,0.35025,0.499491,1
11,0.3505,0.502125,1
11,0.35075,0.501235,1
11,0.351,0.475962,1
11,0.35125,0.461776,1
11,0.3515,0.458039,1
11,0.35175,0.432996,1
11,0.352,0.403388,1
11,0.35225,0.399061,1
11,0.3525,0.38504,1
11,0.35275,0.375533,1
11,0.353,0.400265,1
11,0.35325,0.395552,1
11,0.3535,0.390746,1
11,0.35375,0.374471,1
11,0.354,0.375266,1
11,0.35425,0.371353,1
11,0.3545,0.360235,1
11,0.35475,0.363869,1
11,0.355,0.400141,1
11,0.35525,0.391573,1
11,0.3555,0.3716,1
11,0.35575,0.389392,1
11,0.356,0.397453,1
11,0.35625,0.397005,1
11,0.3565,0.389535,1
11,0.35675,0.393375,1
11,0.357,0.395644,1
11,0.35725,0.383004,1
11,0.3575,0.390218,1
11,0.35775,0.393592,1
11,0.358,0.407278,1
11,0.35825,0.422381,1
11,0.3585,0.409241,1
11,0.35875,0.414852,1
11,0.359,0.412669,1
11,0.35925,0.427378,1
11,0.3595,0.421815,1
11,0.35975,0.428638,1
11,0.36,0.416211,1
11,0.36025,0.408637,1
11,0.3605,0.426072,1
11,0.36075,0.424397,1
11,0.361,0.409092,1
11,0.36125,0.421063,1
11,0.3615,0.438926,1
11,0.36175,0.448473,1
11,0.362,0.47859,1
11,0.36225,0.471293,1
11,0.3625,0.465807,1
11,0.36275,0.441767,1
11,0.363,0.41783,1
11,0.36325,0.441062,1
11,0.3635,0.440229,1
11,0.36375,0.439747,1
11,0.364,0.455495,1
11,0.36425,0.467144,1
11,0.3645,0.456206,1
11,0.36475,0.450869,1
11,0.365,0.444609,1
11,0.36525,0.454694,1
11,0.3655,0.471801,1
11,0.36575,0.46587,1
11,0.366,0.440744,1
11,0.36625,0.426003,1
11,0.3665,0.416089,1
11,0.36675,0.415266,1
11,0.367,0.419435,1
11,0.36725,0.403484,1
11,0.3675,0.413449,1
11,0.36775,0.425703,1
11,0.368,0.451548,1
11,0.36825,0.470091,1
11,0.3685,0.458138,1
11,0.36875,0.472602,1
11,0.369,0.456086,1
11,0.36925,0.453172,1
11,0.3695,0.475479,1
11,0.36975,0.471318,1
11,0.37,0.468491,1
11,0.37025,0.475917,1
11,0.3705,0.461259,1
11,0.37075,0.430424,1
11,0.371,0.424319,1
11,0.37125,0.418645,1
11,0.3715,0.413491,1
11,0.37175,0.37878,1
11,0.372,0.361338,1
11,0.37225,0.379375,1
11,0.3725,0.360759,1
11,0.37275,0.384669,1
11,0.373,0.395879,1
11,0.37325,0.422643,1
11,0.3735,0.425084,1
11,0.37375,0.426672,1
11,0.374,0.445345,1
11,0.37425,0.432467,1
11,0.3745,0.446291,1
11,0.37475,0.420731,1
11,0.375,0.4244,1
11,0.37525,0.427505,1
11,0.3755,0.438614,1
11,0.37575,0.445768,1
11,0.376,0.462994,1
11,0.37625,0.480099,1
11,0.3765,0.483844,1
11,0.37675,0.474784,1
11,0.377,0.489179,1
11,0.37725,0.484567,1
11,0.3775,0.45712,1
11,0.37775,0.461675,1
11,0.378,0.439599,1
11,0.37825,0.458237,1
11,0.3785,0.463578,1
11,0.37875,0.425901,1
11,0.379,0.414778,1
11,0.37925,0.439489,1
11,0.3795,0.424436,1
11,0.37975,0.425346,1
11,0.38,0.438455,1
11,0.38025,0.439802,1
11,0.3805,0.456042,1
11,0.38075,0.479837,1
11,0.381,0.506006,1
11,0.38125,0.511541,1
11,0.3815,0.525677,1
11,0.38175,0.539864,1
11,0.382,0.543161,1
11,0.38225,0.573083,1
11,0.3825,0.579248,1
11,0.38275,0.605502,1
11,0.383,0.615253,1
11,0.38325,0.637409,1
11,0.3835,0.652499,1
11,0.38375,0.658789,1
11,0.384,0.677102,1
11,0.38425,0.694931,1
11,0.3845,0.677035,1
11,0.38475,0.667039,1
11,0.385,0.662311,1
11,0.38525,0.680399,1
11,0.3855,0.698826,1
11,0.38575,0.719318,1
11,0.386,0.719519,1
11,0.38625,0.736184,1
11,0.3865,0.740779,1
11,0.38675,0.733432,1
11,0.387,0.721018,1
11,0.38725,0.728414,1
11,0.3875,0.722553,1
11,0.38775,0.711242,1
11,0.388,0.669743,1
11,0.38825,0.68057,1
11,0.3885,0.706023,1
11,0.38875,0.720585,1
11,0.389,0.723334,1
11,0.38925,0.725436,1
11,0.3895,0.748446,1
11,0.38975,0.720364,1
11,0.39,0.735419,1
11,0.39025,0.729661,1
11,0.3905,0.739642,1
11,0.39075,0.732282,1
11,0.391,0.709713,1
11,0.39125,0.704681,1
11,0.3915,0.705566,1
11,0.39175,0.715598,1
11,0.392,0.707271,1
11,0.39225,0.716923,1
11,0.3925,0.736092,1
11,0.39275,0.710906,1
11,0.393,0.711158,1
11,0.39325,0.710008,1
11,0.3935,0.721769,1
11,0.39375,0.712583,1
11,0.394,0.697453,1
11,0.39425,0.715289,1
11,0.3945,0.709571,1
11,0.39475,0.705955,1
11,0.395,0.732543,1
11,0.39525,0.72255,1
11,0.3955,0.71589,1
11,0.39575,0.700068,1
11,0.396,0.702544,1
11,0.39625,0.679923,1
11,0.3965,0.659389,1
11,0.39675,0.648177,1
11,0.397,0.654181,1
11,0.39725,0.663594,1
11,0.3975,0.650657,1
11,0.39775,0.621738,1
11,0.398,0.620371,1
11,0.39825,0.609681,1
11,0.3985,0.606329,1
11,0.39875,0.598913,1
11,0.399,0.583967,1
11,0.39925,0.580843,1
11,0.3995,0.579967,1
11,0.39975,0.57155,1
11,0.4,0.574101,1
11,0.40025,0.558505,1
11,0.4005,0.561415,1
11,0.40075,0.531967,1
11,0.401,0.54892,1
11,0.40125,0.571782,1
11,0.4015,0.591623,1
11,0.40175,0.608852,1
11,0.402,0.602739,1
11,0.40225,0.615027,1
11,0.4025,0.615687,1
11,0.40275,0.607271,1
11,0.403,0.59457,1
11,0.40325,0.62731,1
11,0.4035,0.638253,1
11,0.40375,0.636373,1
11,0.404,0.631832,1
11,0.40425,0.592132,1
11,0.4045,0.593395,1
11,0.40475,0.587904,1
11,0.405,0.610311,1
11,0.40525,0.617851,1
11,0.4055,0.612153,1
11,0.40575,0.634934,1
11,0.406,0.617035,1
11,0.40625,0.611656,1
11,0.4065,0.613453,1
11,0.40675,0.625425,1
11,0.407,0.615843,1
11,0.40725,0.607401,1
11,0.4075,0.606981,1
11,0.40775,0.623476,1
11,0.408,0.623126,1
11,0.40825,0.595998,1
11,0.4085,0.595894,1
11,0.40875,0.544749,1
11,0.409,0.521788,1
11,0.40925,0.509406,1
11,0.4095,0.509788,1
11,0.40975,0.55964,1
11,0.41,0.552397,1
11,0.41025,0.561485,1
11,0.4105,0.550246,1
11,0.41075,0.590409,1
11,0.411,0.626369,1
11,0.41125,0.614409,1
11,0.4115,0.59453,1
11,0.41175,0.555451,1
11,0.412,0.544244,1
11,0.41225,0.548547,1
11,0.4125,0.518831,1
11,0.41275,0.523894,1
11,0.413,0.522213,1
11,0.41325,0.538646,1
11,0.4135,0.5615,1
11,0.41375,0.56325,1
11,0.414,0.564201,1
11,0.41425,0.565544,1
11,0.4145,0.552502,1
11,0.41475,0.5587,1
11,0.415,0.520413,1
11,0.41525,0.48282,1
11,0.4155,0.4776,1
11,0.41575,0.465948,1
11,0.416,0.45424,1
11,0.41625,0.441367,1
11,0.4165,0.435619,1
11,0.41675,0.455959,1
11,0.417,0.45298,1
11,0.41725,0.446289,1
11,0.4175,0.441059,1
11,0.41775,0.452786,1
11,0.418,0.449268,1
11,0.41825,0.453714,1
11,0.4185,0.445442,1
11,0.41875,0.432013,1
11,0.419,0.451458,1
11,0.41925,0.438711,1
11,0.4195,0.432531,1
11,0.41975,0.433785,1
11,0.42,0.424674,1
11,0.42025,0.420382,1
11,0.4205,0.420451,1
11,0.42075,0.428759,1
11,0.421,0.429976,1
11,0.42125,0.408303,1
11,0.4215,0.40551,1
11,0.42175,0.405333,1
11,0.422,0.403591,1
11,0.42225,0.415874,1
11,0.4225,0.407574,1
11,0.42275,0.392065,1
11,0.423,0.398326,1
11,0.42325,0.409136,1
11,0.4235,0.399343,1
11,0.42375,0.408248,1
11,0.424,0.435867,1
11,0.42425,0.418788,1
11,0.4245,0.445223,1
11,0.42475,0.443454,1
11,0.425,0.444616,1
11,0.42525,0.431178,1
11,0.4255,0.429778,1
11,0.42575,0.43022,1
11,0.426,0.455685,1
11,0.42625,0.477477,1
11,0.4265,0.457765,1
11,0.42675,0.457008,1
11,0.427,0.447405,1
11,0.42725,0.423104,1
11,0.4275,0.437574,1
11,0.42775,0.449002,1
11,0.428,0.450726,1
11,0.42825,0.445113,1
11,0.4285,0.451888,1
11,0.42875,0.440207,1
11,0.429,0.4793,1
11,0.42925,0.505868,1
11,0.4295,0.496159,1
11,0.42975,0.473078,1
11,0.43,0.48023,1
11,0.43025,0.499278,1
11,0.4305,0.500113,1
11,0.43075,0.516694,1
11,0.431,0.511298,1
11,0.43125,0.515208,1
11,0.4315,0.531089,1
11,0.43175,0.526058,1
11,0.432,0.549777,1
11,0.43225,0.558565,1
11,0.4325,0.534752,1
11,0.43275,0.536728,1
11,0.433,0.521862,1
11,0.43325,0.516176,1
11,0.4335,0.495096,1
11,0.43375,0.484032,1
11,0.434,0.480777,1
11,0.43425,0.495474,1
11,0.4345,0.504079,1
11,0.43475,0.54293,1
11,0.435,0.529022,1
11,0.43525,0.52232,1
11,0.4355,0.523413,1
11,0.43575,0.52404,1
11,0.436,0.538033,1
11,0.43625,0.54635,1
11,0.4365,0.537769,1
11,0.43675,0.540167,1
11,0.437,0.525066,1
11,0.43725,0.52953,1
11,0.4375,0.521955,1
11,0.43775,0.560899,1
11,0.438,0.551715,1
11,0.43825,0.545136,1
11,0.4385,0.524118,1
11,0.43875,0.526711,1
11,0.439,0.540479,1
11,0.43925,0.539247,1
11,0.4395,0.531847,1
11,0.43975,0.546276,1
11,0.44,0.554368,1
11,0.44025,0.562611,1
11,0.4405,0.547497,1
11,0.44075,0.564538,1
11,0.441,0.534142,1
11,0.44125,0.52794,1
11,0.4415,0.497708,1
11,0.44175,0.503155,1
11,0.442,0.500148,1
11,0.44225,0.496729,1
11,0.4425,0.506289,1
11,0.44275,0.527132,1
11,0.443,0.514967,1
11,0.44325,0.501518,1
11,0.4435,0.50139,1
11,0.44375,0.525244,1
11,0.444,0.536539,1
11,0.44425,0.553289,1
11,0.4445,0.54037,1
11,0.44475,0.578515,1
11,0.445,0.575146,1
11,0.44525,0.583873,1
11,0.4455,0.613321,1
11,0.44575,0.619208,1
11,0.446,0.60398,1
11,0.44625,0.597548,1
11,0.4465,0.589916,1
11,0.44675,0.615423,1
11,0.447,0.603729,1
11,0.44725,0.598157,1
11,0.4475,0.604555,1
11,0.44775,0.628082,1
11,0.448,0.65319,1
11,0.44825,0.623108,1
11,0.4485,0.602908,1
11,0.44875,0.630072,1
11,0.449,0.649139,1
11,0.44925,0.646795,1
11,0.4495,0.638445,1
11,0.44975,0.636424,1
11,0.45,0.670602,1
11,0.45025,0.670203,1
11,0.4505,0.695487,1
11,0.45075,0.68257,1
11,0.451,0.663738,1
11,0.45125,0.670845,1
11,0.4515,0.69355,1
11,0.45175,0.681941,1
11,0.452,0.703716,1
11,0.45225,0.676262,1
11,0.4525,0.696105,1
11,0.45275,0.683309,1
11,0.453,0.687565,1
11,0.45325,0.670143,1
11,0.4535,0.653098,1
11,0.45375,0.633086,1
11,0.454,0.643598,1
11,0.45425,0.655631,1
11,0.4545,0.644697,1
11,0.45475,0.628965,1
11,0.455,0.595542,1
11,0.45525,0.614121,1
11,0.4555,0.607638,1
11,0.45575,0.606033,1
11,0.456,0.603676,1
11,0.45625,0.64181,1
11,0.4565,0.664846,1
11,0.45675,0.633207,1
11,0.457,0.633552,1
11,0.45725,0.646043,1
11,0.4575,0.654939,1
11,0.45775,0.626652,1
11,0.458,0.637338,1
11,0.45825,0.639678,1
11,0.4585,0.618313,1
11,0.45875,0.633008,1
11,0.459,0.643622,1
11,0.45925,0.663039,1
11,0.4595,0.651933,1
11,0.45975,0.692776,1
11,0.46,0.697269,1
11,0.46025,0.687479,1
11,0.4605,0.661718,1
11,0.46075,0.663368,1
11,0.461,0.64512,1
11,0.46125,0.643543,1
11,0.4615,0.624128,1
11,0.46175,0.613876,1
11,0.462,0.618551,1
11,0.46225,0.638025,1
11,0.4625,0.640195,1
11,0.46275,0.638167,1
11,0.463,0.644173,1
11,0.46325,0.641718,1
11,0.4635,0.634665,1
11,0.46375,0.632436,1
11,0.464,0.635996,1
11,0.46425,0.624615,1
11,0.4645,0.639217,1
11,0.46475,0.613672,1
11,0.465,0.62625,1
11,0.46525,0.581894,1
11,0.4655,0.57407,1
11,0.46575,0.602662,1
11,0.466,0.608036,1
11,0.46625,0.637422,1
11,0.4665,0.655458,1
11,0.46675,0.650252,1
11,0.467,0.651934,1
11,0.46725,0.665823,1
11,0.4675,0.665466,1
11,0.46775,0.658456,1
11,0.468,0.645832,1
11,0.46825,0.622266,1
11,0.4685,0.602282,1
11,0.46875,0.641676,1
11,0.469,0.660003,1
11,0.46925,0.666373,1
11,0.4695,0.681897,1
11,0.46975,0.708644,1
11,0.47,0.705439,1
11,0.47025,0.691889,1
11,0.4705,0.675632,1
11,0.47075,0.684926,1
11,0.471,0.695827,1
11,0.47125,0.705911,1
11,0.4715,0.708513,1
11,0.47175,0.731783,1
11,0.472,0.724907,1
11,0.47225,0.730157,1
11,0.4725,0.702857,1
11,0.47275,0.718377,1
11,0.473,0.732563,1
11,0.47325,0.734973,1
11,0.4735,0.713587,1
11,0.47375,0.693957,1
11,0.474,0.703192,1
11,0.47425,0.690368,1
11,0.4745,0.6739,1
11,0.47475,0.676247,1
11,0.475,0.659511,1
11,0.47525,0.68549,1
11,0.4755,0.697703,1
11,0.47575,0.679919,1
11,0.476,0.68359,1
11,0.47625,0.665685,1
11,0.4765,0.658631,1
11,0.47675,0.657456,1
11,0.477,0.645783,1
11,0.47725,0.647716,1
11,0.4775,0.637881,1
11,0.47775,0.629854,1
11,0.478,0.622398,1
11,0.47825,0.608973,1
11,0.4785,0.613131,1
11,0.47875,0.618867,1
11,0.479,0.594991,1
11,0.47925,0.590926,1
11,0.4795,0.567457,1
11,0.47975,0.579195,1
11,0.48,0.571802,1
11,0.48025,0.563685,1
11,0.4805,0.531905,1
11,0.48075,0.510718,1
11,0.481,0.532183,1
11,0.48125,0.526156,1
11,0.4815,0.498086,1
11,0.48175,0.494027,1
11,0.482,0.488825,1
11,0.48225,0.509566,1
11,0.4825,0.519887,1
11,0.48275,0.502878,1
11,0.483,0.529487,1
11,0.48325,0.524739,1
11,0.4835,0.523775,1
11,0.48375,0.507494,1
11,0.484,0.500246,1
11,0.48425,0.504743,1
11,0.4845,0.490334,1
11,0.48475,0.472465,1
11,0.485,0.481121,1
11,0.48525,0.472269,1
11,0.4855,0.472264,1
11,0.48575,0.491939,1
11,0.486,0.485644,1
11,0.48625,0.489031,1
11,0.4865,0.481698,1
11,0.48675,0.501835,1
11,0.487,0.514352,1
11,0.48725,0.524437,1
11,0.4875,0.528679,1
11,0.48775,0.531077,1
11,0.488,0.540087,1
11,0.48825,0.535344,1
11,0.4885,0.530619,1
11,0.48875,0.515439,1
11,0.489,0.494851,1
11,0.48925,0.483779,1
11,0.4895,0.491307,1
11,0.48975,0.476687,1
11,0.49,0.496058,1
11,0.49025,0.523757,1
11,0.4905,0.509817,1
11,0.49075,0.509836,1
11,0.491,0.519698,1
11,0.49125,0.51301,1
11,0.4915,0.514415,1
11,0.49175,0.50543,1
11,0.492,0.517232,1
11,0.49225,0.54745,1
11,0.4925,0.545971,1
11,0.49275,0.535576,1
11,0.493,0.548891,1
11,0.49325,0.557513,1
11,0.4935,0.545144,1
11,0.49375,0.523483,1
11,0.494,0.519956,1
11,0.49425,0.517696,1
11,0.4945,0.501296,1
11,0.49475,0.50255,1
11,0.495,0.503028,1
11,0.49525,0.497729,1
11,0.4955,0.515027,1
11,0.49575,0.518438,1
11,0.496,0.497831,1
11,0.49625,0.539505,1
11,0.4965,0.525897,1
11,0.49675,0.530608,1
11,0.497,0.542503,1
11,0.49725,0.54126,1
11,0.4975,0.544458,1
11,0.49775,0.55369,1
11,0.498,0.549683,1
11,0.49825,0.529737,1
11,0.4985,0.526257,1
11,0.49875,0.496247,1
11,0.499,0.483226,1
11,0.49925,0.482797,1
11,0.4995,0.471746,1
11,0.49975,0.471829,1
11,0.5,0.48227,1
11,0.50025,0.46418,1
11,0.5005,0.455308,1
11,0.50075,0.46784,1
11,0.501,0.492871,1
11,0.50125,0.485477,1
11,0.5015,0.473535,1
11,0.50175,0.468233,1
11,0.502,0.442901,1
11,0.50225,0.429492,1
11,0.5025,0.415857,1
11,0.50275,0.406661,1
11,0.503,0.37756,1
11,0.50325,0.364902,1
11,0.5035,0.377699,1
11,0.50375,0.409984,1
11,0.504,0.411949,1
11,0.50425,0.387178,1
11,0.5045,0.382825,1
11,0.50475,0.399037,1
11,0.505,0.391428,1
11,0.50525,0.385359,1
11,0.5055,0.386324,1
11,0.50575,0.397682,1
11,0.506,0.404159,1
11,0.50625,0.419543,1
11,0.5065,0.423954,1
11,0.50675,0.432395,1
11,0.507,0.445805,1
11,0.50725,0.425077,1
11,0.5075,0.425116,1
11,0.50775,0.418309,1
11,0.508,0.415542,1
11,0.50825,0.429414,1
11,0.5085,0.422299,1
11,0.50875,0.427394,1
11,0.509,0.419857,1
11,0.50925,0.414459,1
11,0.5095,0.424909,1
11,0.50975,0.42024,1
11,0.51,0.407383,1
11,0.51025,0.423437,1
11,0.5105,0.424249,1
11,0.51075,0.416417,1
11,0.511,0.437075,1
11,0.51125,0.442763,1
11,0.5115,0.425744,1
11,0.51175,0.429407,1
11,0.512,0.402881,1
11,0.51225,0.41385,1
11,0.5125,0.438724,1
11,0.51275,0.434449,1
11,0.513,0.434211,1
11,0.51325,0.451,1
11,0.5135,0.425769,1
11,0.51375,0.420742,1
11,0.514,0.42984,1
11,0.51425,0.415294,1
11,0.5145,0.401441,1
11,0.51475,0.375086,1
11,0.515,0.37396,1
11,0.51525,0.370107,1
11,0.5155,0.361469,1
11,0.51575,0.348922,1
11,0.516,0.366562,1
11,0.51625,0.385289,1
11,0.5165,0.397366,1
11,0.51675,0.396576,1
11,0.517,0.408105,1
11,0.51725,0.360762,1
11,0.5175,0.3855,1
11,0.51775,0.369118,1
11,0.518,0.34109,1
11,0.51825,0.363333,1
11,0.5185,0.348163,1
11,0.51875,0.37226,1
11,0.519,0.38004,1
11,0.51925,0.394941,1
11,0.5195,0.404532,1
11,0.51975,0.396241,1
11,0.52,0.397377,1
11,0.52025,0.4097,1
11,0.5205,0.425976,1
11,0.52075,0.422104,1
11,0.521,0.424015,1
11,0.52125,0.408441,1
11,0.5215,0.41262,1
11,0.52175,0.417119,1
11,0.522,0.411534,1
11,0.52225,0.437527,1
11,0.5225,0.476209,1
11,0.52275,0.442207,1
11,0.523,0.449517,1
11,0.52325,0.450322,1
11,0.5235,0.454452,1
11,0.52375,0.494124,1
11,0.524,0.495226,1
11,0.52425,0.500684,1
11,0.5245,0.521587,1
11,0.52475,0.489194,1
11,0.525,0.495917,1
11,0.52525,0.488938,1
11,0.5255,0.496355,1
11,0.52575,0.466457,1
11,0.526,0.452622,1
11,0.52625,0.442778,1
11,0.5265,0.432824,1
11,0.52675,0.435614,1
11,0.527,0.449792,1
11,0.52725,0.441927,1
11,0.5275,0.456291,1
11,0.52775,0.463744,1
11,0.528,0.446633,1
11,0.52825,0.45254,1
11,0.5285,0.453665,1
11,0.52875,0.442255,1
11,0.529,0.446876,1
11,0.52925,0.425974,1
11,0.5295,0.429004,1
11,0.52975,0.431562,1
11,0.53,0.41404,1
11,0.53025,0.392949,1
11,0.5305,0.404898,1
11,0.53075,0.395529,1
11,0.531,0.387243,1
11,0.53125,0.39109,1
11,0.5315,0.39429,1
11,0.53175,0.380567,1
11,0.532,0.411442,1
11,0.53225,0.386045,1
11,0.5325,0.376657,1
11,0.53275,0.378324,1
11,0.533,0.391687,1
11,0.53325,0.403676,1
11,0.5335,0.378549,1
11,0.53375,0.396848,1
11,0.534,0.411633,1
11,0.53425,0.391185,1
11,0.5345,0.414596,1
11,0.53475,0.418035,1
11,0.535,0.420724,1
11,0.53525,0.404847,1
11,0.5355,0.441216,1
11,0.53575,0.436349,1
11,0.536,0.432138,1
11,0.53625,0.416401,1
11,0.5365,0.419961,1
11,0.53675,0.393704,1
11,0.537,0.399568,1
11,0.53725,0.391249,1
11,0.5375,0.379419,1
11,0.53775,0.397568,1
11,0.538,0.403051,1
11,0.53825,0.422077,1
11,0.5385,0.415625,1
11,0.53875,0.402636,1
11,0.539,0.419515,1
11,0.53925,0.384007,1
11,0.5395,0.367455,1
11,0.53975,0.353818,1
11,0.54,0.319723,1
11,0.54025,0.310417,1
11,0.5405,0.316895,1
11,0.54075,0.335049,1
11,0.541,0.341706,1
11,0.54125,0.337331,1
11,0.5415,0.32509,1
11,0.54175,0.313309,1
11,0.542,0.305832,1
11,0.54225,0.305069,1
11,0.5425,0.307422,1
11,0.54275,0.312265,1
11,0.543,0.335219,1
11,0.54325,0.343918,1
11,0.5435,0.349477,1
11,0.54375,0.338977,1
11,0.544,0.33066,1
11,0.54425,0.343658,1
11,0.5445,0.351546,1
11,0.54475,0.34726,1
11,0.545,0.378479,1
11,0.54525,0.360389,1
11,0.5455,0.341181,1
11,0.54575,0.345133,1
11,0.546,0.354682,1
11,0.54625,0.385184,1
11,0.5465,0.380787,1
11,0.54675,0.398401,1
11,0.547,0.407977,1
11,0.54725,0.419295,1
11,0.5475,0.421063,1
11,0.54775,0.420319,1
11,0.548,0.411783,1
11,0.54825,0.405951,1
11,0.5485,0.417451,1
11,0.54875,0.392862,1
11,0.549,0.382757,1
11,0.54925,0.37193,1
11,0.5495,0.374629,1
11,0.54975,0.357398,1
11,0.55,0.340223,1
11,0.55025,0.356357,1
11,0.5505,0.369268,1
11,0.55075,0.382522,1
11,0.551,0.361396,1
11,0.55125,0.343121,1
11,0.5515,0.341259,1
11,0.55175,0.329411,1
11,0.552,0.368747,1
11,0.55225,0.374705,1
11,0.5525,0.370692,1
11,0.55275,0.351635,1
11,0.553,0.334445,1
11,0.55325,0.333832,1
11,0.5535,0.333742,1
11,0.55375,0.333704,1
11,0.554,0.323416,1
11,0.55425,0.340913,1
11,0.5545,0.321052,1
11,0.55475,0.350332,1
11,0.555,0.358472,1
11,0.55525,0.372989,1
11,0.5555,0.393236,1
11,0.55575,0.413566,1
11,0.556,0.416284,1
11,0.55625,0.437572,1
11,0.5565,0.412944,1
11,0.55675,0.383119,1
11,0.557,0.358186,1
11,0.55725,0.363073,1
11,0.5575,0.377221,1
11,0.55775,0.361239,1
11,0.558,0.339795,1
11,0.55825,0.340355,1
11,0.5585,0.312697,1
11,0.55875,0.297888,1
11,0.559,0.340504,1
11,0.55925,0.340217,1
11,0.5595,0.350638,1
11,0.55975,0.366259,1
11,0.56,0.368359,1
11,0.56025,0.324356,1
11,0.5605,0.305763,1
11,0.56075,0.297107,1
11,0.561,0.305296,1
11,0.56125,0.282894,1
11,0.5615,0.260466,1
11,0.56175,0.256184,1
11,0.562,0.199598,1
11,0.56225,0.203817,1
11,0.5625,0.192362,1
11,0.56275,0.214986,1
11,0.563,0.21318,1
11,0.56325,0.237573,1
11,0.5635,0.237231,1
11,0.56375,0.226462,1
11,0.564,0.242112,1
11,0.56425,0.259793,1
11,0.5645,0.220691,1
11,0.56475,0.242293,1
11,0.565,0.257314,1
11,0.56525,0.261277,1
11,0.5655,0.284989,1
11,0.56575,0.334198,1
11,0.566,0.334428,1
11,0.56625,0.325248,1
11,0.5665,0.343813,1
11,0.56675,0.32383,1
11,0.567,0.345878,1
11,0.56725,0.346766,1
11,0.5675,0.351868,1
11,0.56775,0.349433,1
11,0.568,0.378576,1
11,0.56825,0.396845,1
11,0.5685,0.399955,1
11,0.56875,0.379972,1
11,0.569,0.38365,1
11,0.56925,0.400596,1
11,0.5695,0.390743,1
11,0.56975,0.369541,1
11,0.57,0.335472,1
11,0.57025,0.327924,1
11,0.5705,0.325878,1
11,0.57075,0.337662,1
11,0.571,0.332448,1
11,0.57125,0.358146,1
11,0.5715,0.362284,1
11,0.57175,0.365468,1
11,0.572,0.35971,1
11,0.57225,0.32297,1
11,0.5725,0.310598,1
11,0.57275,0.321578,1
11,0.573,0.324019,1
11,0.57325,0.32366,1
11,0.5735,0.326272,1
11,0.57375,0.317941,1
11,0.574,0.326369,1
11,0.57425,0.333674,1
11,0.5745,0.344885,1
11,0.57475,0.362993,1
11,0.575,0.37456,1
11,0.57525,0.346489,1
11,0.5755,0.346955,1
11,0.57575,0.351651,1
11,0.576,0.337954,1
11,0.57625,0.332001,1
11,0.5765,0.353945,1
11,0.57675,0.334247,1
11,0.577,0.332747,1
11,0.57725,0.326554,1
11,0.5775,0.347389,1
11,0.57775,0.353064,1
11,0.578,0.365846,1
11,0.57825,0.385121,1
11,0.5785,0.39689,1
11,0.57875,0.396967,1
11,0.579,0.375286,1
11,0.57925,0.350573,1
11,0.5795,0.360001,1
11,0.57975,0.32803,1
11,0.58,0.34811,1
11,0.58025,0.342106,1
11,0.5805,0.335684,1
11,0.58075,0.342305,1
11,0.581,0.351402,1
11,0.58125,0.374846,1
11,0.5815,0.391832,1
11,0.58175,0.400072,1
11,0.582,0.41178,1
11,0.58225,0.427718,1
11,0.5825,0.408048,1
11,0.58275,0.395009,1
11,0.583,0.378625,1
11,0.58325,0.376346,1
11,0.5835,0.38467,1
11,0.58375,0.401605,1
11,0.584,0.427917,1
11,0.58425,0.427553,1
11,0.5845,0.419665,1
11,0.58475,0.414975,1
11,0.585,0.41316,1
11,0.58525,0.395329,1
11,0.5855,0.417241,1
11,0.58575,0.424676,1
11,0.586,0.418266,1
11,0.58625,0.402774,1
11,0.5865,0.419372,1
11,0.58675,0.41109,1
11,0.587,0.440567,1
11,0.58725,0.451147,1
11,0.5875,0.475704,1
11,0.58775,0.494591,1
11,0.588,0.472674,1
11,0.58825,0.471361,1
11,0.5885,0.476174,1
11,0.58875,0.493287,1
11,0.589,0.490303,1
11,0.58925,0.483416,1
11,0.5895,0.491433,1
11,0.58975,0.537469,1
11,0.59,0.535894,1
11,0.59025,0.517871,1
11,0.5905,0.50008,1
11,0.59075,0.501213,1
11,0.591,0.505445,1
11,0.59125,0.508972,1
11,0.5915,0.504882,1
11,0.59175,0.504675,1
11,0.592,0.521662,1
11,0.59225,0.525713,1
11,0.5925,0.545743,1
11,0.59275,0.533615,1
11,0.593,0.552782,1
11,0.59325,0.559881,1
11,0.5935,0.534517,1
11,0.59375,0.532862,1
11,0.594,0.540099,1
11,0.59425,0.525178,1
11,0.5945,0.508406,1
11,0.59475,0.511028,1
11,0.595,0.510944,1
11,0.59525,0.490422,1
11,0.5955,0.474812,1
11,0.59575,0.46115,1
11,0.596,0.426161,1
11,0.59625,0.414322,1
11,0.5965,0.418333,1
11,0.59675,0.40477,1
11,0.597,0.384953,1
11,0.59725,0.399535,1
11,0.5975,0.417596,1
11,0.59775,0.413898,1
11,0.598,0.428605,1
11,0.59825,0.445339,1
11,0.5985,0.429684,1
11,0.59875,0.424789,1
11,0.599,0.419391,1
11,0.59925,0.424003,1
11,0.5995,0.408079,1
11,0.59975,0.410353,1
11,0.6,0.411597,1
11,0.60025,0.394479,1
11,0.6005,0.396863,1
11,0.60075,0.414881,1
11,0.601,0.403888,1
11,0.60125,0.393622,1
11,0.6015,0.405386,1
11,0.60175,0.42304,1
11,0.602,0.433335,1
11,0.60225,0.430182,1
11,0.6025,0.420077,1
11,0.60275,0.410018,1
11,0.603,0.42773,1
11,0.60325,0.440461,1
11,0.6035,0.425634,1
11,0.60375,0.415827,1
11,0.604,0.413924,1
11,0.60425,0.410061,1
11,0.6045,0.414445,1
11,0.60475,0.403032,1
11,0.605,0.405746,1
11,0.60525,0.445854,1
11,0.6055,0.431502,1
11,0.60575,0.437962,1
11,0.606,0.434178,1
11,0.60625,0.414134,1
11,0.6065,0.418329,1
11,0.60675,0.436396,1
11,0.607,0.445937,1
11,0.60725,0.454738,1
11,0.6075,0.471139,1
11,0.60775,0.487518,1
11,0.608,0.488964,1
11,0.60825,0.482381,1
11,0.6085,0.482575,1
11,0.60875,0.486071,1
11,0.609,0.473016,1
11,0.60925,0.475804,1
11,0.6095,0.491973,1
11,0.60975,0.475734,1
11,0.61,0.457852,1
11,0.61025,0.445967,1
11,0.6105,0.438691,1
11,0.61075,0.423757,1
11,0.611,0.403019,1
11,0.61125,0.404569,1
11,0.6115,0.413611,1
11,0.61175,0.432679,1
11,0.612,0.450243,1
11,0.61225,0.452589,1
11,0.6125,0.428905,1
11,0.61275,0.410836,1
11,0.613,0.389592,1
11,0.61325,0.383056,1
11,0.6135,0.348302,1
11,0.61375,0.355489,1
11,0.614,0.357319,1
11,0.61425,0.353621,1
11,0.6145,0.350671,1
11,0.61475,0.331305,1
11,0.615,0.331968,1
11,0.61525,0.323028,1
11,0.6155,0.290691,1
11,0.61575,0.297022,1
11,0.616,0.312773,1
11,0.61625,0.332018,1
11,0.6165,0.343935,1
11,0.61675,0.352761,1
11,0.617,0.359812,1
11,0.61725,0.359968,1
11,0.6175,0.379558,1
11,0.61775,0.40128,1
11,0.618,0.407764,1
11,0.61825,0.403643,1
11,0.6185,0.410542,1
11,0.61875,0.421951,1
11,0.619,0.436555,1
11,0.61925,0.44854,1
11,0.6195,0.454441,1
11,0.61975,0.453501,1
11,0.62,0.470747,1
11,0.62025,0.439278,1
11,0.6205,0.415228,1
11,0.62075,0.396429,1
11,0.621,0.388959,1
11,0.62125,0.39935,1
11,0.6215,0.404483,1
11,0.62175,0.446771,1
11,0.622,0.47619,1
11,0.62225,0.463854,1
11,0.6225,0.460787,1
11,0.62275,0.458824,1
11,0.623,0.460491,1
11,0.62325,0.48995,1
11,0.6235,0.468276,1
11,0.62375,0.490607,1
11,0.624,0.490232,1
11,0.62425,0.480297,1
11,0.6245,0.466791,1
11,0.62475,0.464627,1
11,0.625,0.474964,1
11,0.62525,0.485412,1
11,0.6255,0.492531,1
11,0.62575,0.454122,1
11,0.626,0.438731,1
11,0.62625,0.445301,1
11,0.6265,0.439971,1
11,0.62675,0.423072,1
11,0.627,0.419749,1
11,0.62725,0.41826,1
11,0.6275,0.401439,1
11,0.62775,0.389071,1
11,0.628,0.392979,1
11,0.62825,0.397013,1
11,0.6285,0.395459,1
11,0.62875,0.398045,1
11,0.629,0.389308,1
11,0.62925,0.40478,1
11,0.6295,0.43595,1
11,0.62975,0.429533,1
11,0.63,0.44798,1
11,0.63025,0.447196,1
11,0.6305,0.453969,1
11,0.63075,0.447488,1
11,0.631,0.453053,1
11,0.63125,0.456759,1
11,0.6315,0.48083,1
11,0.63175,0.481881,1
11,0.632,0.479169,1
11,0.63225,0.486438,1
11,0.6325,0.458577,1
11,0.63275,0.480765,1
11,0.633,0.470522,1
11,0.63325,0.470272,1
11,0.6335,0.469831,1
11,0.63375,0.489971,1
11,0.634,0.481762,1
11,0.63425,0.457693,1
11,0.6345,0.461419,1
11,0.63475,0.478591,1
11,0.635,0.490288,1
11,0.63525,0.501924,1
11,0.6355,0.505717,1
11,0.63575,0.50087,1
11,0.636,0.485071,1
11,0.63625,0.497568,1
11,0.6365,0.510741,1
11,0.63675,0.522701,1
11,0.637,0.510395,1
11,0.63725,0.522543,1
11,0.6375,0.531129,1
11,0.63775,0.550956,1
11,0.638,0.58013,1
11,0.63825,0.592175,1
11,0.6385,0.595595,1
11,0.63875,0.601504,1
11,0.639,0.564151,1
11,0.63925,0.573531,1
11,0.6395,0.583245,1
11,0.63975,0.577706,1
11,0.64,0.584738,1
11,0.64025,0.606936,1
11,0.6405,0.615859,1
11,0.64075,0.64268,1
11,0.641,0.636078,1
11,0.64125,0.646359,1
11,0.6415,0.646112,1
11,0.64175,0.672378,1
11,0.642,0.677161,1
11,0.64225,0.667002,1
11,0.6425,0.68325,1
11,0.64275,0.661189,1
11,0.643,0.664011,1
11,0.64325,0.678998,1
11,0.6435,0.679819,1
11,0.64375,0.705421,1
11,0.644,0.724622,1
11,0.64425,0.715359,1
11,0.6445,0.712669,1
11,0.64475,0.685866,1
11,0.645,0.67972,1
11,0.64525,0.690721,1
11,0.6455,0.694024,1
11,0.64575,0.693187,1
11,0.646,0.714854,1
11,0.64625,0.683514,1
11,0.6465,0.689631,1
11,0.64675,0.71876,1
11,0.647,0.738017,1
11,0.64725,0.751914,1
11,0.6475,0.746816,1
11,0.64775,0.754362,1
11,0.648,0.774661,1
11,0.64825,0.779173,1
11,0.6485,0.760161,1
11,0.64875,0.77201,1
11,0.649,0.79847,1
11,0.64925,0.788885,1
11,0.6495,0.812059,1
11,0.64975,0.812035,1
11,0.65,0.804235,1
11,0.65025,0.78686,1
11,0.6505,0.807108,1
11,0.65075,0.812556,1
11,0.651,0.8149,1
11,0.65125,0.784668,1
11,0.6515,0.777765,1
11,0.65175,0.784617,1
11,0.652,0.78125,1
11,0.65225,0.761304,1
11,0.6525,0.785207,1
11,0.65275,0.782553,1
11,0.653,0.791407,1
11,0.65325,0.786771,1
11,0.6535,0.780838,1
11,0.65375,0.779971,1
11,0.654,0.784589,1
11,0.65425,0.774118,1
11,0.6545,0.788516,1
11,0.65475,0.792805,1
11,0.655,0.821937,1
11,0.65525,0.844629,1
11,0.6555,0.869431,1
11,0.65575,0.867986,1
11,0.656,0.883617,1
11,0.65625,0.871799,1
11,0.6565,0.875829,1
11,0.65675,0.865924,1
11,0.657,0.86765,1
11,0.65725,0.88402,1
11,0.6575,0.908564,1
11,0.65775,0.899682,1
11,0.658,0.899839,1
11,0.65825,0.89099,1
11,0.6585,0.896482,1
11,0.65875,0.902649,1
11,0.659,0.878765,1
11,0.65925,0.87476,1
11,0.6595,0.869809,1
11,0.65975,0.877506,1
11,0.66,0.866265,1
11,0.66025,0.879509,1
11,0.6605,0.863383,1
11,0.66075,0.857373,1
11,0.661,0.839937,1
11,0.66125,0.864895,1
11,0.6615,0.861363,1
11,0.66175,0.883796,1
11,0.662,0.87146,1
11,0.66225,0.882577,1
11,0.6625,0.892363,1
11,0.66275,0.89513,1
11,0.663,0.885041,1
11,0.66325,0.876415,1
11,0.6635,0.873751,1
11,0.66375,0.888788,1
11,0.664,0.880099,1
11,0.66425,0.859518,1
11,0.6645,0.845402,1
11,0.66475,0.842299,1
11,0.665,0.832359,1
11,0.66525,0.854012,1
11,0.6655,0.872029,1
11,0.66575,0.872578,1
11,0.666,0.872985,1
11,0.66625,0.855425,1
11,0.6665,0.83876,1
11,0.66675,0.834674,1
11,0.667,0.833132,1
11,0.66725,0.839408,1
11,0.6675,0.856187,1
11,0.66775,0.836921,1
11,0.668,0.82876,1
11,0.66825,0.838688,1
11,0.6685,0.8299,1
11,0.66875,0.829568,1
11,0.669,0.850062,1
11,0.66925,0.864572,1
11,0.6695,0.88338,1
11,0.66975,0.878925,1
11,0.67,0.885418,1
11,0.67025,0.881965,1
11,0.6705,0.912938,1
11,0.67075,0.915715,1
11,0.671,0.914517,1
11,0.67125,0.908005,1
11,0.6715,0.911773,1
11,0.67175,0.892051,1
11,0.672,0.915387,1
11,0.67225,0.931435,1
11,0.6725,0.925681,1
11,0.67275,0.937026,1
11,0.673,0.923392,1
11,0.67325,0.921842,1
11,0.6735,0.945834,1
11,0.67375,0.928905,1
11,0.674,0.914167,1
11,0.67425,0.906566,1
11,0.6745,0.893909,1
11,0.67475,0.881848,1
11,0.675,0.890306,1
11,0.67525,0.903401,1
11,0.6755,0.924382,1
11,0.67575,0.924117,1
11,0.676,0.941145,1
11,0.67625,0.935711,1
11,0.6765,0.95693,1
11,0.67675,0.943856,1
11,0.677,0.934515,1
11,0.67725,0.936184,1
11,0.6775,0.912195,1
11,0.67775,0.901607,1
11,0.678,0.933261,1
11,0.67825,0.933859,1
11,0.6785,0.95301,1
11,0.67875,0.968606,1
11,0.679,0.961195,1
11,0.67925,0.9752,1
11,0.6795,0.965529,1
11,0.67975,0.93547,1
11,0.68,0.932927,1
11,0.68025,0.920383,1
11,0.6805,0.940153,1
11,0.68075,0.901768,1
11,0.681,0.907639,1
11,0.68125,0.916851,1
11,0.6815,0.906596,1
11,0.68175,0.927227,1
11,0.682,0.928181,1
11,0.68225,0.907997,1
11,0.6825,0.919074,1
11,0.68275,0.905758,1
11,0.683,0.940469,1
11,0.68325,0.935723,1
11,0.6835,0.939465,1
11,0.68375,0.934621,1
11,0.684,0.927924,1
11,0.68425,0.914829,1
11,0.6845,0.957327,1
11,0.68475,0.962717,1
11,0.685,0.969528,1
11,0.68525,0.962254,1
11,0.6855,0.953709,1
11,0.68575,0.964422,1
11,0.686,0.964623,1
11,0.68625,0.965763,1
11,0.6865,0.949585,1
11,0.68675,0.924273,1
11,0.687,0.911115,1
11,0.68725,0.921324,1
11,0.6875,0.92439,1
11,0.68775,0.920122,1
11,0.688,0.91286,1
11,0.68825,0.889621,1
11,0.6885,0.889387,1
11,0.68875,0.893523,1
11,0.689,0.90468,1
11,0.68925,0.904115,1
11,0.6895,0.935364,1
11,0.68975,0.955036,1
11,0.69,0.959003,1
11,0.69025,0.956725,1
11,0.6905,0.946289,1
11,0.69075,0.936291,1
11,0.691,0.94958,1
11,0.69125,0.948045,1
11,0.6915,0.936439,1
11,0.69175,0.930391,1
11,0.692,0.925402,1
11,0.69225,0.930318,1
11,0.6925,0.914172,1
11,0.69275,0.902266,1
11,0.693,0.918656,1
11,0.69325,0.898148,1
11,0.6935,0.891612,1
11,0.69375,0.890158,1
11,0.694,0.876937,1
11,0.69425,0.861285,1
11,0.6945,0.888583,1
11,0.69475,0.884396,1
11,0.695,0.885395,1
11,0.69525,0.858386,1
11,0.6955,0.852077,1
11,0.69575,0.824948,1
11,0.696,0.821827,1
11,0.69625,0.823691,1
11,0.6965,0.826616,1
11,0.69675,0.81264,1
11,0.697,0.809815,1
11,0.69725,0.817717,1
11,0.6975,0.828039,1
11,0.69775,0.827348,1
11,0.698,0.832845,1
11,0.69825,0.838902,1
11,0.6985,0.843287,1
11,0.69875,0.848034,1
11,0.699,0.848155,1
11,0.69925,0.864399,1
11,0.6995,0.893491,1
11,0.69975,0.900285,1
11,0.7,0.858866,1
11,0.70025,0.862339,1
11,0.7005,0.87204,1
11,0.70075,0.862755,1
11,0.701,0.895756,1
11,0.70125,0.876224,1
11,0.7015,0.872579,1
11,0.70175,0.885438,1
11,0.702,0.857124,1
11,0.70225,0.848153,1
11,0.7025,0.846514,1
11,0.70275,0.851572,1
11,0.703,0.857823,1
11,0.70325,0.877148,1
11,0.7035,0.876399,1
11,0.70375,0.880661,1
11,0.704,0.876902,1
11,0.70425,0.871931,1
11,0.7045,0.880849,1
11,0.70475,0.879582,1
11,0.705,0.895326,1
11,0.70525,0.903169,1
11,0.7055,0.920584,1
11,0.70575,0.928573,1
11,0.706,0.943923,1
11,0.70625,0.95981,1
11,0.7065,0.942931,1
11,0.70675,0.943529,1
11,0.707,0.924614,1
11,0.70725,0.930844,1
11,0.7075,0.909161,1
11,0.70775,0.878446,1
11,0.708,0.896875,1
11,0.70825,0.898953,1
11,0.7085,0.895481,1
11,0.70875,0.892764,1
11,0.709,0.889869,1
11,0.70925,0.901925,1
11,0.7095,0.912927,1
11,0.70975,0.935622,1
11,0.71,0.941384,1
11,0.71025,0.949521,1
11,0.7105,0.950309,1
11,0.71075,0.933031,1
11,0.711,0.949964,1
11,0.71125,0.940818,1
11,0.7115,0.941981,1
11,0.71175,0.941716,1
11,0.712,0.943937,1
11,0.71225,0.94618,1
11,0.7125,0.946904,1
11,0.71275,0.972707,1
11,0.713,0.986512,1
11,0.71325,0.99358,1
11,0.7135,0.973933,1
11,0.71375,0.980939,1
11,0.714,0.978895,1
11,0.71425,0.984492,1
11,0.7145,0.970958,1
11,0.71475,0.942905,1
11,0.715,0.930645,1
11,0.71525,0.910224,1
11,0.7155,0.910354,1
11,0.71575,0.923428,1
11,0.716,0.910008,1
11,0.71625,0.893685,1
11,0.7165,0.907134,1
11,0.71675,0.870417,1
11,0.717,0.877052,1
11,0.71725,0.860287,1
11,0.7175,0.870563,1
11,0.71775,0.867418,1
11,0.718,0.847617,1
11,0.71825,0.847636,1
11,0.7185,0.839331,1
11,0.71875,0.808851,1
11,0.719,0.806193,1
11,0.71925,0.8156,1
11,0.7195,0.800314,1
11,0.71975,0.799118,1
11,0.72,0.823375,1
11,0.72025,0.803132,1
11,0.7205,0.790684,1
11,0.72075,0.80956,1
11,0.721,0.80142,1
11,0.72125,0.810814,1
11,0.7215,0.823778,1
11,0.72175,0.814415,1
11,0.722,0.834797,1
11,0.72225,0.838597,1
11,0.7225,0.814585,1
11,0.72275,0.842377,1
11,0.723,0.831569,1
11,0.72325,0.837785,1
11,0.7235,0.849374,1
11,0.72375,0.843927,1
11,0.724,0.832681,1
11,0.72425,0.832996,1
11,0.7245,0.834327,1
11,0.72475,0.848233,1
11,0.725,0.874429,1
11,0.72525,0.857673,1
11,0.7255,0.866788,1
11,0.72575,0.859207,1
11,0.726,0.875737,1
11,0.72625,0.857673,1
11,0.7265,0.873147,1
11,0.72675,0.875741,1
11,0.727,0.8934,1
11,0.72725,0.898311,1
11,0.7275,0.881365,1
11,0.72775,0.881199,1
11,0.728,0.905386,1
11,0.72825,0.889624,1
11,0.7285,0.905614,1
11,0.72875,0.91471,1
11,0.729,0.910398,1
11,0.72925,0.894927,1
11,0.7295,0.927422,1
11,0.72975,0.884954,1
11,0.73,0.882697,1
11,0.73025,0.874021,1
11,0.7305,0.866335,1
11,0.73075,0.868525,1
11,0.731,0.857117,1
11,0.73125,0.845354,1
11,0.7315,0.884776,1
11,0.73175,0.893653,1
11,0.732,0.865996,1
11,0.73225,0.859848,1
11,0.7325,0.84641,1
11,0.73275,0.848397,1
11,0.733,0.863271,1
11,0.73325,0.858524,1
11,0.7335,0.87215,1
11,0.73375,0.852007,1
11,0.734,0.855141,1
11,0.73425,0.859711,1
11,0.7345,0.863599,1
11,0.73475,0.843471,1
11,0.735,0.849736,1
11,0.73525,0.864088,1
11,0.7355,0.86859,1
11,0.73575,0.87223,1
11,0.736,0.892292,1
11,0.73625,0.873644,1
11,0.7365,0.898898,1
11,0.73675,0.889513,1
11,0.737,0.92287,1
11,0.73725,0.922306,1
11,0.7375,0.924949,1
11,0.73775,0.933301,1
11,0.738,0.947943,1
11,0.73825,0.974531,1
11,0.7385,0.989947,1
11,0.73875,0.98856,1
11,0.739,0.951036,1
11,0.73925,0.949871,1
11,0.7395,0.95636,1
11,0.73975,0.957218,1
11,0.74,0.96791,1
11,0.74025,0.979537,1
11,0.7405,0.977846,1
11,0.74075,0.978734,1
11,0.741,0.982594,1
11,0.74125,0.963488,1
11,0.7415,0.929561,1
11,0.74175,0.937517,1
11,0.742,0.945166,1
11,0.74225,0.960177,1
11,0.7425,0.974135,1
11,0.74275,0.990387,1
11,0.743,0.969856,1
11,0.74325,0.952914,1
11,0.7435,0.933973,1
11,0.74375,0.968592,1
11,0.744,0.963006,1
11,0.74425,0.954804,1
11,0.7445,0.958399,1
11,0.74475,0.96718,1
11,0.745,0.946639,1
11,0.74525,0.935784,1
11,0.7455,0.942706,1
11,0.74575,0.959788,1
11,0.746,0.949507,1
11,0.74625,0.947138,1
11,0.7465,0.92817,1
11,0.74675,0.907186,1
11,0.747,0.909366,1
11,0.74725,0.941758,1
11,0.7475,0.936516,1
11,0.74775,0.948974,1
11,0.748,0.942444,1
11,0.74825,0.928713,1
11,0.7485,0.930981,1
11,0.74875,0.918508,1
11,0.749,0.934111,1
11,0.74925,0.907946,1
11,0.7495,0.899595,1
11,0.74975,0.907363,1
11,0.75,0.891607,1
11,0.75025,0.880496,1
11,0.7505,0.84113,1
11,0.75075,0.82274,1
11,0.751,0.837407,1
11,0.75125,0.842584,1
11,0.7515,0.850175,1
11,0.75175,0.880646,1
11,0.752,0.894728,1
11,0.75225,0.912139,1
11,0.7525,0.894793,1
11,0.75275,0.896502,1
11,0.753,0.891195,1
11,0.75325,0.871633,1
11,0.7535,0.852259,1
11,0.75375,0.834264,1
11,0.754,0.818115,1
11,0.75425,0.798942,1
11,0.7545,0.820891,1
11,0.75475,0.825397,1
11,0.755,0.799532,1
11,0.75525,0.809098,1
11,0.7555,0.815247,1
11,0.75575,0.813721,1
11,0.756,0.818847,1
11,0.75625,0.801432,1
11,0.7565,0.828459,1
11,0.75675,0.827246,1
11,0.757,0.831175,1
11,0.75725,0.847368,1
11,0.7575,0.822567,1
11,0.75775,0.815952,1
11,0.758,0.833781,1
11,0.75825,0.839877,1
11,0.7585,0.840951,1
11,0.75875,0.85445,1
11,0.759,0.866731,1
11,0.75925,0.88182,1
11,0.7595,0.92849,1
11,0.75975,0.968156,1
11,0.76,0.95535,1
11,0.76025,0.913052,1
11,0.7605,0.883153,1
11,0.76075,0.874639,1
11,0.761,0.885845,1
11,0.76125,0.876632,1
11,0.7615,0.880292,1
11,0.76175,0.871603,1
11,0.762,0.878579,1
11,0.76225,0.889899,1
11,0.7625,0.88295,1
11,0.76275,0.909526,1
11,0.763,0.928352,1
11,0.76325,0.943026,1
11,0.7635,0.987449,1
11,0.76375,0.993959,1
11,0.764,0.998908,1
11,0.76425,0.983243,1
11,0.7645,0.962701,1
11,0.76475,0.958006,1
11,0.765,0.952377,1
11,0.76525,0.9439,1
11,0.7655,0.952735,1
11,0.76575,0.937351,1
11,0.766,0.928147,1
11,0.76625,0.934598,1
11,0.7665,0.920431,1
11,0.76675,0.927357,1
11,0.767,0.933962,1
11,0.76725,0.926161,1
11,0.7675,0.932794,1
11,0.76775,0.914994,1
11,0.768,0.899904,1
11,0.76825,0.884874,1
11,0.7685,0.899381,1
11,0.76875,0.922468,1
11,0.769,0.923325,1
11,0.76925,0.952571,1
11,0.7695,0.962209,1
11,0.76975,0.956791,1
11,0.77,0.966804,1
11,0.77025,0.976868,1
11,0.7705,0.954047,1
11,0.77075,0.977845,1
11,0.771,0.982447,1
11,0.77125,0.98746,1
11,0.7715,0.992966,1
11,0.77175,0.975008,1
11,0.772,0.983354,1
11,0.77225,0.979572,1
11,0.7725,0.972066,1
11,0.77275,0.971215,1
11,0.773,0.954837,1
11,0.77325,0.93833,1
11,0.7735,0.92616,1
11,0.77375,0.926821,1
11,0.774,0.919581,1
11,0.77425,0.90547,1
11,0.7745,0.916328,1
11,0.77475,0.912341,1
11,0.775,0.911237,1
11,0.77525,0.90212,1
11,0.7755,0.882412,1
11,0.77575,0.901641,1
11,0.776,0.89418,1
11,0.77625,0.884158,1
11,0.7765,0.884876,1
11,0.77675,0.882862,1
11,0.777,0.860553,1
11,0.77725,0.886079,1
11,0.7775,0.891035,1
11,0.77775,0.870562,1
11,0.778,0.884451,1
11,0.77825,0.894394,1
11,0.7785,0.902312,1
11,0.77875,0.874795,1
11,0.779,0.877301,1
11,0.77925,0.906263,1
11,0.7795,0.897457,1
11,0.77975,0.872118,1
11,0.78,0.872443,1
11,0.78025,0.883129,1
11,0.7805,0.906716,1
11,0.78075,0.888786,1
11,0.781,0.868016,1
11,0.78125,0.891049,1
11,0.7815,0.889352,1
11,0.78175,0.914279,1
11,0.782,0.907564,1
11,0.78225,0.911935,1
11,0.7825,0.902589,1
11,0.78275,0.905556,1
11,0.783,0.925546,1
11,0.78325,0.899993,1
11,0.7835,0.900495,1
11,0.78375,0.878776,1
11,0.784,0.889282,1
11,0.78425,0.886937,1
11,0.7845,0.908589,1
11,0.78475,0.906376,1
11,0.785,0.891869,1
11,0.78525,0.913912,1
11,0.7855,0.907176,1
11,0.78575,0.913853,1
11,0.786,0.907178,1
11,0.78625,0.916061,1
11,0.7865,0.915845,1
11,0.78675,0.933645,1
11,0.787,0.94304,1
11,0.78725,0.944816,1
11,0.7875,0.939898,1
11,0.78775,0.935725,1
11,0.788,0.913818,1
11,0.78825,0.896472,1
11,0.7885,0.887833,1
11,0.78875,0.858085,1
11,0.789,0.85924,1
11,0.78925,0.869926,1
11,0.7895,0.851942,1
11,0.78975,0.868826,1
11,0.79,0.859778,1
11,0.79025,0.890738,1
11,0.7905,0.891977,1
11,0.79075,0.894625,1
11,0.791,0.883762,1
11,0.79125,0.910543,1
11,0.7915,0.917863,1
11,0.79175,0.913998,1
11,0.792,0.929946,1
11,0.79225,0.913346,1
11,0.7925,0.898068,1
11,0.79275,0.870362,1
11,0.793,0.853981,1
11,0.79325,0.85319,1
11,0.7935,0.86219,1
11,0.79375,0.885847,1
11,0.794,0.888664,1
11,0.79425,0.871001,1
11,0.7945,0.856503,1
11,0.79475,0.865142,1
11,0.795,0.862909,1
11,0.79525,0.876959,1
11,0.7955,0.86985,1
11,0.79575,0.879885,1
11,0.796,0.880574,1
11,0.79625,0.866902,1
11,0.7965,0.851035,1
11,0.79675,0.852519,1
11,0.797,0.840599,1
11,0.79725,0.837245,1
11,0.7975,0.833672,1
11,0.79775,0.836306,1
11,0.798,0.857679,1
11,0.79825,0.853279,1
11,0.7985,0.856665,1
11,0.79875,0.848453,1
11,0.799,0.867397,1
11,0.79925,0.861007,1
11,0.7995,0.870847,1
11,0.79975,0.871582,1
11,0.8,0.854042,1
11,0.80025,0.857286,1
11,0.8005,0.861451,1
11,0.80075,0.871961,1
11,0.801,0.874631,1
11,0.80125,0.898709,1
11,0.8015,0.884425,1
11,0.80175,0.878456,1
11,0.802,0.873719,1
11,0.80225,0.894155,1
11,0.8025,0.870601,1
11,0.80275,0.871701,1
11,0.803,0.860382,1
11,0.80325,0.829806,1
11,0.8035,0.824024,1
11,0.80375,0.823981,1
11,0.804,0.816543,1
11,0.80425,0.820825,1
11,0.8045,0.822413,1
11,0.80475,0.78705,1
11,0.805,0.767611,1
11,0.80525,0.757566,1
11,0.8055,0.766835,1
11,0.80575,0.779613,1
11,0.806,0.750165,1
11,0.80625,0.742605,1
11,0.8065,0.731259,1
11,0.80675,0.725219,1
11,0.807,0.710977,1
11,0.80725,0.736527,1
11,0.8075,0.757828,1
11,0.80775,0.778929,1
11,0.808,0.767728,1
11,0.80825,0.785455,1
11,0.8085,0.814923,1
11,0.80875,0.847595,1
11,0.809,0.85257,1
11,0.80925,0.871487,1
11,0.8095,0.8672,1
11,0.80975,0.865768,1
11,0.81,0.853329,1
11,0.81025,0.825282,1
11,0.8105,0.814848,1
11,0.81075,0.810799,1
11,0.811,0.805059,1
11,0.81125,0.796688,1
11,0.8115,0.795678,1
11,0.81175,0.812363,1
11,0.812,0.837122,1
11,0.81225,0.853605,1
11,0.8125,0.887964,1
11,0.81275,0.872359,1
11,0.813,0.886149,1
11,0.81325,0.857525,1
11,0.8135,0.839787,1
11,0.81375,0.849899,1
11,0.814,0.850122,1
11,0.81425,0.85528,1
11,0.8145,0.885574,1
11,0.81475,0.882053,1
11,0.815,0.896487,1
11,0.81525,0.878289,1
11,0.8155,0.869964,1
11,0.81575,0.848437,1
11,0.816,0.870148,1
11,0.81625,0.873568,1
11,0.8165,0.873811,1
11,0.81675,0.868416,1
11,0.817,0.8882,1
11,0.81725,0.899323,1
11,0.8175,0.911747,1
11,0.81775,0.911981,1
11,0.818,0.938654,1
11,0.81825,0.943824,1
11,0.8185,0.93095,1
11,0.81875,0.938351,1
11,0.819,0.948295,1
11,0.81925,0.964862,1
11,0.8195,0.963593,1
11,0.81975,0.967991,1
11,0.82,0.977458,1
11,0.82025,1.01591,1
